publisher_name,total_requests,total_bytes,hit_count,date
ajel,1717515,53842355610,1713631,2022-03-01
ajel,1402947,40378688228,1399746,2022-03-02
ajel,1322910,38397869109,1320672,2022-03-03
ajel,1185285,35597784692,1182783,2022-03-04
ajel,1300162,39627876665,1297018,2022-03-05
ajel,1831342,62734083947,1828307,2022-03-06
ajel,1759806,61327946456,1756696,2022-03-07
ajel,1707571,57461927033,1704327,2022-03-08
ajel,1940564,72580816120,1936321,2022-03-09
ajel,1361115,46680626031,1358878,2022-03-10
ajel,1466352,53500433137,1462772,2022-03-11
ajel,1464799,52426937354,1461777,2022-03-12
ajel,1183318,38964220314,1181210,2022-03-13
ajel,1167489,36731745514,1164948,2022-03-14
ajel,1240253,39673162965,1235728,2022-03-15
ajel,1192562,37687253170,1187703,2022-03-16
ajel,1115441,34962792882,1112186,2022-03-17
ajel,1278702,39778220462,1275325,2022-03-18
ajel,1513110,45871500072,1509488,2022-03-19
ajel,1299584,39836324596,1295542,2022-03-20
ajel,1164760,34447817273,1161986,2022-03-21
ajel,1257770,38984701606,1254399,2022-03-22
ajel,1138575,34345927285,1135619,2022-03-23
ajel,1041209,30266006427,1037848,2022-03-24
ajel,1308942,40625443494,1305463,2022-03-25
ajel,1130569,34335002697,1127323,2022-03-26
ajel,1123957,33580810748,1120132,2022-03-27
ajel,1081400,33023169718,1078803,2022-03-28
ajel,1061965,31805616870,1057263,2022-03-29
anweshanam,207,3210608,190,2022-03-01
anweshanam,159,2634542,142,2022-03-02
anweshanam,149,2419339,134,2022-03-03
anweshanam,139,2183255,125,2022-03-04
anweshanam,156,2546890,137,2022-03-05
anweshanam,175,2836911,155,2022-03-06
anweshanam,131,2055328,113,2022-03-07
anweshanam,149,2398430,134,2022-03-08
anweshanam,148,2341519,134,2022-03-09
anweshanam,107,1799511,94,2022-03-10
anweshanam,73,1202069,57,2022-03-11
anweshanam,32,592612,23,2022-03-12
anweshanam,225,3620593,211,2022-03-13
anweshanam,130,2087665,114,2022-03-14
anweshanam,117,1896290,103,2022-03-15
anweshanam,81,1206172,63,2022-03-16
anweshanam,84,1413567,69,2022-03-17
anweshanam,83,1369042,71,2022-03-18
anweshanam,78,1294320,64,2022-03-19
anweshanam,80,1262228,72,2022-03-20
anweshanam,92,1466256,82,2022-03-21
anweshanam,141,2338865,125,2022-03-22
anweshanam,132,2118178,116,2022-03-23
anweshanam,121,1971174,105,2022-03-24
anweshanam,139,2266878,121,2022-03-25
anweshanam,236,3684135,223,2022-03-26
anweshanam,123,1918271,114,2022-03-27
anweshanam,189,2987871,172,2022-03-28
anweshanam,71,1104014,63,2022-03-29
barandbench,917857,32892158789,908421,2022-03-01
barandbench,1139448,38589942731,1127986,2022-03-02
barandbench,988356,35724355063,977189,2022-03-03
barandbench,1093859,35536721669,1083327,2022-03-04
barandbench,825455,25110302180,817617,2022-03-05
barandbench,731835,21959299128,725495,2022-03-06
barandbench,905027,32979795087,894320,2022-03-07
barandbench,1077783,39999239153,1063170,2022-03-08
barandbench,1080431,41622835338,1064309,2022-03-09
barandbench,943338,35297930494,930669,2022-03-10
barandbench,1091107,36680109934,1079663,2022-03-11
barandbench,802827,26121220639,796155,2022-03-12
barandbench,559488,16966773696,552485,2022-03-13
barandbench,910374,30574835168,896732,2022-03-14
barandbench,1592720,54328794731,1576661,2022-03-15
barandbench,923498,31239045637,911791,2022-03-16
barandbench,685271,22698834197,676712,2022-03-17
barandbench,445152,13492946736,438592,2022-03-18
barandbench,552856,16420086660,545245,2022-03-19
barandbench,653382,20108316636,645985,2022-03-20
barandbench,668612,22449458701,657207,2022-03-21
barandbench,633459,21477584726,622689,2022-03-22
barandbench,874041,29859128135,861980,2022-03-23
barandbench,840233,27832449290,828982,2022-03-24
barandbench,1097595,32128512666,1085280,2022-03-25
barandbench,669328,21554125060,661053,2022-03-26
barandbench,513358,16406013459,505529,2022-03-27
barandbench,653771,21271119255,642541,2022-03-28
barandbench,671373,24796921457,659612,2022-03-29
barandbench-hindi,7513,148818821,7204,2022-03-01
barandbench-hindi,14405,408292086,14035,2022-03-02
barandbench-hindi,13553,411249208,13199,2022-03-03
barandbench-hindi,12539,320689283,12256,2022-03-04
barandbench-hindi,9258,104325268,9018,2022-03-05
barandbench-hindi,6846,85084962,6638,2022-03-06
barandbench-hindi,15755,293645430,15231,2022-03-07
barandbench-hindi,14993,444208177,14612,2022-03-08
barandbench-hindi,9662,285318527,9155,2022-03-09
barandbench-hindi,7502,188965115,7150,2022-03-10
barandbench-hindi,13369,402964869,13061,2022-03-11
barandbench-hindi,7910,140815786,7701,2022-03-12
barandbench-hindi,5773,81624292,5530,2022-03-13
barandbench-hindi,10591,272857166,10259,2022-03-14
barandbench-hindi,15437,419106264,15038,2022-03-15
barandbench-hindi,10077,262707536,9767,2022-03-16
barandbench-hindi,6045,87488189,5811,2022-03-17
barandbench-hindi,6617,72307623,6310,2022-03-18
barandbench-hindi,5994,74059429,5777,2022-03-19
barandbench-hindi,6427,65015049,6262,2022-03-20
barandbench-hindi,10729,249114210,10392,2022-03-21
barandbench-hindi,8457,186779485,8148,2022-03-22
barandbench-hindi,12554,364231279,12192,2022-03-23
barandbench-hindi,12704,297076254,12373,2022-03-24
barandbench-hindi,8852,190565857,8503,2022-03-25
barandbench-hindi,9086,100603141,8841,2022-03-26
barandbench-hindi,7378,128838138,7172,2022-03-27
barandbench-hindi,13751,353312801,13394,2022-03-28
barandbench-hindi,11701,322646539,11395,2022-03-29
barandbench-kannada,18517,579162162,18126,2022-03-01
barandbench-kannada,19106,575953192,18709,2022-03-02
barandbench-kannada,13075,383273289,12690,2022-03-03
barandbench-kannada,12365,348763700,11925,2022-03-04
barandbench-kannada,28662,695468600,28129,2022-03-05
barandbench-kannada,20216,501108369,19901,2022-03-06
barandbench-kannada,17931,488200548,17317,2022-03-07
barandbench-kannada,18984,583362350,18542,2022-03-08
barandbench-kannada,16591,546610716,15967,2022-03-09
barandbench-kannada,16294,521867431,15797,2022-03-10
barandbench-kannada,10767,354844207,10183,2022-03-11
barandbench-kannada,13570,411292095,13256,2022-03-12
barandbench-kannada,10286,271011761,10130,2022-03-13
barandbench-kannada,12687,402433598,12111,2022-03-14
barandbench-kannada,14545,432112607,14121,2022-03-15
barandbench-kannada,10884,333307925,10529,2022-03-16
barandbench-kannada,12090,402323370,11809,2022-03-17
barandbench-kannada,26240,725812732,25767,2022-03-18
barandbench-kannada,12115,359111345,11621,2022-03-19
barandbench-kannada,12319,300034277,12174,2022-03-20
barandbench-kannada,15048,376830657,14509,2022-03-21
barandbench-kannada,13497,426380964,13235,2022-03-22
barandbench-kannada,11936,366804001,11583,2022-03-23
barandbench-kannada,18484,597765289,18011,2022-03-24
barandbench-kannada,14762,449601188,14359,2022-03-25
barandbench-kannada,15882,336326617,15566,2022-03-26
barandbench-kannada,10283,234944719,10146,2022-03-27
barandbench-kannada,11590,353689907,11241,2022-03-28
barandbench-kannada,68724,2000840443,67731,2022-03-29
bettorsinsider,18514,431992023,17182,2022-03-01
bettorsinsider,23932,867777541,22839,2022-03-02
bettorsinsider,25179,900431991,24050,2022-03-03
bettorsinsider,23541,872855726,22828,2022-03-04
bettorsinsider,18013,357350351,17326,2022-03-05
bettorsinsider,16431,240301550,15643,2022-03-06
bettorsinsider,18034,308106787,17105,2022-03-07
bettorsinsider,15264,213570582,14652,2022-03-08
bettorsinsider,20181,302039394,19120,2022-03-09
bettorsinsider,18117,295862336,17376,2022-03-10
bettorsinsider,15929,362371620,14970,2022-03-11
bettorsinsider,17847,262811337,17024,2022-03-12
bettorsinsider,16479,309612289,15783,2022-03-13
bettorsinsider,14457,288167723,13893,2022-03-14
bettorsinsider,15733,339846217,15049,2022-03-15
bettorsinsider,15032,287737564,14322,2022-03-16
bettorsinsider,17588,295050177,16603,2022-03-17
bettorsinsider,17164,291065971,16387,2022-03-18
bettorsinsider,16723,314452668,16077,2022-03-19
bettorsinsider,22280,751101087,21709,2022-03-20
bettorsinsider,21648,743685529,21101,2022-03-21
bettorsinsider,23098,875237398,22532,2022-03-22
bettorsinsider,19421,450167990,18644,2022-03-23
bettorsinsider,16695,234942621,16069,2022-03-24
bettorsinsider,26177,619725341,25378,2022-03-25
bettorsinsider,23858,436256536,22655,2022-03-26
bettorsinsider,20652,329216903,19145,2022-03-27
bettorsinsider,16767,254484305,15959,2022-03-28
bettorsinsider,17037,259830964,16273,2022-03-29
bhoomitoday,1,4848330,0,2022-03-01
bhoomitoday,25,794857,10,2022-03-03
bhoomitoday,4,189121,2,2022-03-06
bhoomitoday,3,2610477,0,2022-03-07
bhoomitoday,21,1904178,11,2022-03-08
bhoomitoday,15,9369153,0,2022-03-09
bhoomitoday,29,1410803,13,2022-03-10
bhoomitoday,1,7386964,0,2022-03-12
bhoomitoday,10,761676,5,2022-03-13
bhoomitoday,5,1469426,0,2022-03-14
bhoomitoday,6,17876763,1,2022-03-15
bhoomitoday,21,2158593,9,2022-03-16
bhoomitoday,5,7947935,0,2022-03-17
bhoomitoday,8,176276,5,2022-03-18
bhoomitoday,14,1450758,7,2022-03-19
bhoomitoday,5,1634323,0,2022-03-20
bhoomitoday,9,1374976,3,2022-03-21
bhoomitoday,17,675206,12,2022-03-22
bhoomitoday,26,3487157,15,2022-03-23
bhoomitoday,15,8264852,2,2022-03-24
bhoomitoday,4,572888,0,2022-03-25
bhoomitoday,3,736626,0,2022-03-26
bhoomitoday,16,8471021,8,2022-03-27
bhoomitoday,9,722498,2,2022-03-28
bhoomitoday,11,1484776,0,2022-03-29
climatedesk,3,22668,0,2022-03-05
climatedesk,4,22373,0,2022-03-27
climatedesk,3,15054,0,2022-03-29
corner,7,44564,0,2022-03-01
corner,1,102505,0,2022-03-07
corner,5,21020,0,2022-03-25
crimetak,838946,30091564882,837032,2022-03-01
crimetak,524302,19157901223,522763,2022-03-02
crimetak,646792,23326644317,644746,2022-03-03
crimetak,766483,27782187630,764174,2022-03-04
crimetak,596589,20644252468,595043,2022-03-05
crimetak,313240,11171352728,312217,2022-03-06
crimetak,541580,22071466909,539045,2022-03-07
crimetak,1136858,42498209372,1134381,2022-03-08
crimetak,660208,25447747662,657002,2022-03-09
crimetak,714005,27625178771,712087,2022-03-10
crimetak,577723,22014465683,576171,2022-03-11
crimetak,204609,7492095326,203905,2022-03-12
crimetak,971123,36263080924,969375,2022-03-13
crimetak,442171,16118271800,440737,2022-03-14
crimetak,583294,22025246194,581566,2022-03-15
crimetak,543531,20014489629,542051,2022-03-16
crimetak,1096346,37821405741,1093240,2022-03-17
crimetak,361550,12293721693,360143,2022-03-18
crimetak,599173,21418950946,597698,2022-03-19
crimetak,509744,18521178368,508728,2022-03-20
crimetak,483616,18040252323,482306,2022-03-21
crimetak,374906,14489494187,373656,2022-03-22
crimetak,330846,12757055229,329897,2022-03-23
crimetak,511431,19706305781,510183,2022-03-24
crimetak,495917,18090017302,494668,2022-03-25
crimetak,585619,20518286854,584731,2022-03-26
crimetak,826435,30964053984,825187,2022-03-27
crimetak,531756,19612492838,530126,2022-03-28
crimetak,365351,14358569999,363758,2022-03-29
dailynewsnepal,238,1251798,197,2022-03-01
dailynewsnepal,193,2672910,139,2022-03-02
dailynewsnepal,116,831203,92,2022-03-03
dailynewsnepal,239,1948382,179,2022-03-04
dailynewsnepal,218,898523,184,2022-03-05
dailynewsnepal,137,1155261,114,2022-03-06
dailynewsnepal,160,1333133,110,2022-03-07
dailynewsnepal,139,836624,105,2022-03-08
dailynewsnepal,300,4256660,244,2022-03-09
dailynewsnepal,127,1116418,114,2022-03-10
dailynewsnepal,186,4084226,155,2022-03-11
dailynewsnepal,232,3657295,176,2022-03-12
dailynewsnepal,173,4073951,134,2022-03-13
dailynewsnepal,186,2582359,161,2022-03-14
dailynewsnepal,155,1712388,137,2022-03-15
dailynewsnepal,145,1245042,111,2022-03-16
dailynewsnepal,129,1232108,92,2022-03-17
dailynewsnepal,262,934597,242,2022-03-18
dailynewsnepal,143,1519474,136,2022-03-19
dailynewsnepal,104,3379166,73,2022-03-20
dailynewsnepal,179,2675497,119,2022-03-21
dailynewsnepal,141,1203289,125,2022-03-22
dailynewsnepal,124,1588474,96,2022-03-23
dailynewsnepal,181,6014428,146,2022-03-24
dailynewsnepal,154,3044332,122,2022-03-25
dailynewsnepal,301,1464130,294,2022-03-26
dailynewsnepal,181,1529059,154,2022-03-27
dailynewsnepal,668,20861215,596,2022-03-28
dailynewsnepal,151,5764570,130,2022-03-29
dainikgomantak,84350,2416168801,80095,2022-03-01
dainikgomantak,85437,2430178408,83530,2022-03-02
dainikgomantak,78005,2129770309,76386,2022-03-03
dainikgomantak,73243,1716024661,70912,2022-03-04
dainikgomantak,80057,2011383988,77926,2022-03-05
dainikgomantak,77981,1983307649,75184,2022-03-06
dainikgomantak,107803,2677980463,104850,2022-03-07
dainikgomantak,114504,2786386169,112173,2022-03-08
dainikgomantak,82110,2415939582,78966,2022-03-09
dainikgomantak,118247,3604776818,115096,2022-03-10
dainikgomantak,88091,2522489455,85487,2022-03-11
dainikgomantak,74629,2033801026,72516,2022-03-12
dainikgomantak,90379,2452079695,87867,2022-03-13
dainikgomantak,78127,1966644588,74756,2022-03-14
dainikgomantak,80608,2000079931,77469,2022-03-15
dainikgomantak,82296,2026719361,79216,2022-03-16
dainikgomantak,81743,2024101477,79726,2022-03-17
dainikgomantak,107252,2344858077,104919,2022-03-18
dainikgomantak,95222,2413044083,91937,2022-03-19
dainikgomantak,97813,2512527604,95037,2022-03-20
dainikgomantak,110909,2188418843,107810,2022-03-21
dainikgomantak,91878,2230380548,88601,2022-03-22
dainikgomantak,92142,2232289655,88949,2022-03-23
dainikgomantak,90674,2271871068,86765,2022-03-24
dainikgomantak,100581,2464263155,96803,2022-03-25
dainikgomantak,115562,2479012446,112520,2022-03-26
dainikgomantak,92809,2189993875,89784,2022-03-27
dainikgomantak,106150,2574501536,102790,2022-03-28
dainikgomantak,98651,2406882177,95417,2022-03-29
deshdoot,186738,5624567925,183280,2022-03-01
deshdoot,239344,6914862482,235915,2022-03-02
deshdoot,253207,7555407136,248990,2022-03-03
deshdoot,191037,5481302533,187540,2022-03-04
deshdoot,148329,3826345311,144371,2022-03-05
deshdoot,141197,3550068849,138191,2022-03-06
deshdoot,171324,4923429691,167688,2022-03-07
deshdoot,188460,5213736774,185028,2022-03-08
deshdoot,389624,11638660025,384877,2022-03-09
deshdoot,237555,6880060950,233218,2022-03-10
deshdoot,191728,5308009394,188926,2022-03-11
deshdoot,204476,5697439614,199506,2022-03-12
deshdoot,207446,5772040802,204937,2022-03-13
deshdoot,160704,4277453463,155957,2022-03-14
deshdoot,158097,4102539324,154521,2022-03-15
deshdoot,281501,8549907002,278332,2022-03-16
deshdoot,295942,8722161407,290995,2022-03-17
deshdoot,175762,4911235716,173055,2022-03-18
deshdoot,200391,5797440670,195424,2022-03-19
deshdoot,154634,4103335022,150989,2022-03-20
deshdoot,159143,4220464578,155244,2022-03-21
deshdoot,166457,4576817436,164226,2022-03-22
deshdoot,243050,6918461228,238571,2022-03-23
deshdoot,223507,6361479111,218920,2022-03-24
deshdoot,165730,4345924065,162448,2022-03-25
deshdoot,206692,5586596454,202642,2022-03-26
deshdoot,176240,4716911941,171143,2022-03-27
deshdoot,197456,5560150949,193953,2022-03-28
deshdoot,181476,5133410802,177285,2022-03-29
dharmadispatch,17541,430811542,16551,2022-03-01
dharmadispatch,15684,390373191,14958,2022-03-02
dharmadispatch,13715,283218243,13173,2022-03-03
dharmadispatch,15597,374460911,14846,2022-03-04
dharmadispatch,15151,367899324,14435,2022-03-05
dharmadispatch,15090,366677909,14236,2022-03-06
dharmadispatch,14558,383205945,13682,2022-03-07
dharmadispatch,16368,393390387,15756,2022-03-08
dharmadispatch,21231,596523974,20230,2022-03-09
dharmadispatch,15108,415503598,14384,2022-03-10
dharmadispatch,17198,437924109,16518,2022-03-11
dharmadispatch,12503,305656262,12001,2022-03-12
dharmadispatch,15597,329051352,14940,2022-03-13
dharmadispatch,18610,480868985,17970,2022-03-14
dharmadispatch,15824,377439829,15127,2022-03-15
dharmadispatch,22261,600287829,21397,2022-03-16
dharmadispatch,22415,581840385,21613,2022-03-17
dharmadispatch,22682,532891408,21932,2022-03-18
dharmadispatch,14800,348251610,14359,2022-03-19
dharmadispatch,13319,295933395,12780,2022-03-20
dharmadispatch,17238,416985045,16673,2022-03-21
dharmadispatch,15239,366036910,14653,2022-03-22
dharmadispatch,18879,423752819,18076,2022-03-23
dharmadispatch,14196,341691599,13683,2022-03-24
dharmadispatch,15447,364643063,14791,2022-03-25
dharmadispatch,13044,296204712,12510,2022-03-26
dharmadispatch,14560,331790139,13838,2022-03-27
dharmadispatch,17986,416322780,17327,2022-03-28
dharmadispatch,13687,305518372,13125,2022-03-29
eastmojo,29,195315,10,2022-03-01
eastmojo,58,370675,14,2022-03-02
eastmojo,47,343274,23,2022-03-03
eastmojo,37,246314,10,2022-03-04
eastmojo,52,351322,20,2022-03-05
eastmojo,39,250061,13,2022-03-06
eastmojo,64,423687,18,2022-03-07
eastmojo,50,323391,11,2022-03-08
eastmojo,83,611655,19,2022-03-09
eastmojo,87,545443,13,2022-03-10
eastmojo,72,457701,11,2022-03-11
eastmojo,34,211741,16,2022-03-12
eastmojo,123,838235,76,2022-03-13
eastmojo,44,294560,10,2022-03-14
eastmojo,53,426638,14,2022-03-15
eastmojo,115,776351,48,2022-03-16
eastmojo,71,457957,25,2022-03-17
eastmojo,36,236239,6,2022-03-18
eastmojo,77,476464,22,2022-03-19
eastmojo,43,279604,10,2022-03-20
eastmojo,68,475311,25,2022-03-21
eastmojo,65,496248,14,2022-03-22
eastmojo,23,152930,4,2022-03-23
eastmojo,299,2033174,172,2022-03-24
eastmojo,79,539715,26,2022-03-25
eastmojo,59,375237,19,2022-03-26
eastmojo,29,192198,1,2022-03-27
eastmojo,40,260019,9,2022-03-28
eastmojo,61,392305,18,2022-03-29
ejan,3352361,229515881362,3348679,2022-03-01
ejan,2524321,173796165626,2522068,2022-03-02
ejan,2242993,150485978654,2240334,2022-03-03
ejan,2329109,166924782285,2326760,2022-03-04
ejan,1159119,72361903925,1157354,2022-03-05
ejan,1841649,129940760264,1839373,2022-03-06
ejan,1644298,122192284689,1641348,2022-03-07
ejan,1845748,128261721974,1843544,2022-03-08
ejan,1377603,87123629356,1374839,2022-03-09
ejan,1236180,78587558151,1234401,2022-03-10
ejan,1946354,147208066902,1943874,2022-03-11
ejan,1609119,112266792416,1607567,2022-03-12
ejan,2191092,164849804681,2189221,2022-03-13
ejan,1790252,70735795461,1786554,2022-03-14
ejan,2506347,95593300972,2502769,2022-03-15
ejan,1786158,64134561279,1783475,2022-03-16
ejan,2093754,79862795948,2090949,2022-03-17
ejan,1497008,52817202567,1494352,2022-03-18
ejan,1148032,38594941793,1146137,2022-03-19
ejan,934580,30734377907,932917,2022-03-20
ejan,1857762,70130263091,1854649,2022-03-21
ejan,1812865,67725523210,1810301,2022-03-22
ejan,1303469,45193090785,1301474,2022-03-23
ejan,2624429,97020505332,2620602,2022-03-24
ejan,2720477,96281025500,2716830,2022-03-25
ejan,1191394,38519574931,1189380,2022-03-26
ejan,1231726,42444218685,1229597,2022-03-27
ejan,1254779,42754905825,1251979,2022-03-28
ejan,1110295,38540767181,1108339,2022-03-29
esakal,6198855,93913406199,6170615,2022-03-01
esakal,6919707,111352879467,6884527,2022-03-02
esakal,6927764,113241949800,6894102,2022-03-03
esakal,6585921,113330460715,6555464,2022-03-04
esakal,6113326,108496960180,6077548,2022-03-05
esakal,5093990,90520574759,5061980,2022-03-06
esakal,5329044,92164817560,5299268,2022-03-07
esakal,5033786,84671199423,5005227,2022-03-08
esakal,5556400,96054325817,5526264,2022-03-09
esakal,6443719,111047842486,6409079,2022-03-10
esakal,6198021,103972637177,6168880,2022-03-11
esakal,5684784,97302869271,5658707,2022-03-12
esakal,5877295,103111480814,5854393,2022-03-13
esakal,6514950,110433899061,6481488,2022-03-14
esakal,5432262,91962602917,5404586,2022-03-15
esakal,4848438,82965746681,4817389,2022-03-16
esakal,4300434,73324554299,4276993,2022-03-17
esakal,4542493,79977765356,4518249,2022-03-18
esakal,4493820,78424719921,4469321,2022-03-19
esakal,4461889,79014611637,4437516,2022-03-20
esakal,4517479,77759724948,4487855,2022-03-21
esakal,4577487,79431911143,4546895,2022-03-22
esakal,4813472,82617830083,4785961,2022-03-23
esakal,5119820,90916734815,5086979,2022-03-24
esakal,6914654,119841864015,6889150,2022-03-25
esakal,5281887,93899087336,5256892,2022-03-26
esakal,5214890,90914374539,5188835,2022-03-27
esakal,4713669,80038386612,4688988,2022-03-28
esakal,4734208,81624915778,4707579,2022-03-29
evoindia,57861,1213171387,56243,2022-03-01
evoindia,57311,1338231035,55979,2022-03-02
evoindia,57805,1249114613,56727,2022-03-03
evoindia,57081,1220756139,56045,2022-03-04
evoindia,50239,1067411391,49151,2022-03-05
evoindia,49708,956557345,48711,2022-03-06
evoindia,58417,1223954608,56715,2022-03-07
evoindia,80835,1479392779,79811,2022-03-08
evoindia,65426,1348404703,63634,2022-03-09
evoindia,69656,1431924950,68461,2022-03-10
evoindia,59170,1389799667,57991,2022-03-11
evoindia,48197,980304107,47260,2022-03-12
evoindia,53327,977376698,52360,2022-03-13
evoindia,53134,1119044594,52211,2022-03-14
evoindia,57930,1297608216,56678,2022-03-15
evoindia,56839,1132042086,55584,2022-03-16
evoindia,56665,1198766890,55611,2022-03-17
evoindia,47219,912698170,46219,2022-03-18
evoindia,49604,958888785,48663,2022-03-19
evoindia,57994,927230028,57046,2022-03-20
evoindia,57990,1073334890,57072,2022-03-21
evoindia,51877,1036346780,50847,2022-03-22
evoindia,56489,1248306169,55435,2022-03-23
evoindia,63656,1321678046,62465,2022-03-24
evoindia,74645,1639337040,73507,2022-03-25
evoindia,50998,993936498,50155,2022-03-26
evoindia,60770,1064158826,59277,2022-03-27
evoindia,67843,1507675574,66596,2022-03-28
evoindia,63111,1312353440,62014,2022-03-29
fastbikesindia,8866,148097820,8121,2022-03-01
fastbikesindia,8516,143388885,7883,2022-03-02
fastbikesindia,7905,118914343,7406,2022-03-03
fastbikesindia,8147,108445061,7746,2022-03-04
fastbikesindia,7180,124818149,6727,2022-03-05
fastbikesindia,6457,89447469,6005,2022-03-06
fastbikesindia,7752,118347283,7147,2022-03-07
fastbikesindia,7589,111768991,7089,2022-03-08
fastbikesindia,8127,110231442,7606,2022-03-09
fastbikesindia,7520,149173014,6956,2022-03-10
fastbikesindia,8280,207477989,7720,2022-03-11
fastbikesindia,7577,123142878,7181,2022-03-12
fastbikesindia,7351,112915017,6932,2022-03-13
fastbikesindia,8426,137007183,7936,2022-03-14
fastbikesindia,8490,158347862,8008,2022-03-15
fastbikesindia,8261,163997087,7624,2022-03-16
fastbikesindia,8384,161202570,7848,2022-03-17
fastbikesindia,7766,119232905,7286,2022-03-18
fastbikesindia,9046,112446905,8634,2022-03-19
fastbikesindia,10318,127657026,9897,2022-03-20
fastbikesindia,9750,122779011,9383,2022-03-21
fastbikesindia,10022,191914370,9458,2022-03-22
fastbikesindia,11987,174211138,11492,2022-03-23
fastbikesindia,12721,137936653,12126,2022-03-24
fastbikesindia,14008,176998970,13508,2022-03-25
fastbikesindia,8728,116640616,8400,2022-03-26
fastbikesindia,8294,118864403,7614,2022-03-27
fastbikesindia,8578,136564099,7989,2022-03-28
fastbikesindia,7613,103146914,7126,2022-03-29
ficl,949,16540956,867,2022-03-01
ficl,1079,18427265,974,2022-03-02
ficl,1102,20684793,999,2022-03-03
ficl,899,19623599,836,2022-03-04
ficl,794,14201320,713,2022-03-05
ficl,563,7618762,489,2022-03-06
ficl,990,36874115,885,2022-03-07
ficl,979,65716493,890,2022-03-08
ficl,914,37544045,805,2022-03-09
ficl,924,31282225,842,2022-03-10
ficl,678,17916891,630,2022-03-11
ficl,832,24308839,733,2022-03-12
ficl,840,49129186,773,2022-03-13
ficl,1233,21521461,1085,2022-03-14
ficl,1060,20991976,956,2022-03-15
ficl,1381,28125256,1275,2022-03-16
ficl,1271,30229728,1191,2022-03-17
ficl,913,26796646,864,2022-03-18
ficl,889,35037136,781,2022-03-19
ficl,802,54457686,725,2022-03-20
ficl,1293,90347967,1238,2022-03-21
ficl,830,35367159,733,2022-03-22
ficl,970,14120394,940,2022-03-23
ficl,792,27825542,717,2022-03-24
ficl,1038,26402584,936,2022-03-25
ficl,610,18660764,586,2022-03-26
ficl,822,12095509,730,2022-03-27
ficl,1343,48872301,1235,2022-03-28
ficl,1060,26115761,979,2022-03-29
foodtechbiz,10632,203285011,10044,2022-03-01
foodtechbiz,11226,204138666,10634,2022-03-02
foodtechbiz,9532,190186133,9034,2022-03-03
foodtechbiz,9404,186359550,9008,2022-03-04
foodtechbiz,7685,140889239,7356,2022-03-05
foodtechbiz,8764,129114561,8361,2022-03-06
foodtechbiz,15552,275436265,14638,2022-03-07
foodtechbiz,10152,199655056,9711,2022-03-08
foodtechbiz,11003,226703538,10183,2022-03-09
foodtechbiz,10844,234987154,10252,2022-03-10
foodtechbiz,14307,295347917,13822,2022-03-11
foodtechbiz,9208,178721599,8865,2022-03-12
foodtechbiz,8541,145152369,8207,2022-03-13
foodtechbiz,11199,224967027,10680,2022-03-14
foodtechbiz,10275,216329672,9770,2022-03-15
foodtechbiz,11060,206268425,10633,2022-03-16
foodtechbiz,9792,176540618,9319,2022-03-17
foodtechbiz,9042,144496782,8621,2022-03-18
foodtechbiz,7943,137158820,7644,2022-03-19
foodtechbiz,8342,141588877,8015,2022-03-20
foodtechbiz,15732,328303039,15147,2022-03-21
foodtechbiz,11669,196725856,11213,2022-03-22
foodtechbiz,11542,190085294,11119,2022-03-23
foodtechbiz,12130,243579572,11490,2022-03-24
foodtechbiz,10600,204781170,9994,2022-03-25
foodtechbiz,10116,203089218,9690,2022-03-26
foodtechbiz,10013,212444619,9396,2022-03-27
foodtechbiz,14778,275741962,14172,2022-03-28
foodtechbiz,11247,203214270,10836,2022-03-29
forbesga,513,14566557,419,2022-03-01
forbesga,395,10928749,310,2022-03-02
forbesga,777,28649798,602,2022-03-03
forbesga,642,15762444,521,2022-03-04
forbesga,418,9054483,366,2022-03-05
forbesga,302,5701412,252,2022-03-06
forbesga,632,15525585,537,2022-03-07
forbesga,520,12816482,443,2022-03-08
forbesga,735,20215224,520,2022-03-09
forbesga,811,22205803,666,2022-03-10
forbesga,532,13100846,464,2022-03-11
forbesga,430,7695491,348,2022-03-12
forbesga,496,11369655,449,2022-03-13
forbesga,869,25059380,756,2022-03-14
forbesga,615,15535253,514,2022-03-15
forbesga,540,12726164,479,2022-03-16
forbesga,576,15843995,493,2022-03-17
forbesga,548,11017504,478,2022-03-18
forbesga,381,10599929,338,2022-03-19
forbesga,361,6843524,304,2022-03-20
forbesga,1079,32282329,768,2022-03-21
forbesga,984,28448395,841,2022-03-22
forbesga,651,14662155,546,2022-03-23
forbesga,599,13048585,490,2022-03-24
forbesga,590,14307377,497,2022-03-25
forbesga,402,8779477,312,2022-03-26
forbesga,367,7580619,283,2022-03-27
forbesga,1176,33169916,907,2022-03-28
forbesga,639,15463702,568,2022-03-29
ftcftcftc,2807,54724056,2459,2022-03-01
ftcftcftc,3088,58212443,2672,2022-03-02
ftcftcftc,3493,74592515,3080,2022-03-03
ftcftcftc,3097,63174754,2834,2022-03-04
ftcftcftc,2624,53719132,2327,2022-03-05
ftcftcftc,2610,46074657,2241,2022-03-06
ftcftcftc,2897,55993764,2440,2022-03-07
ftcftcftc,2888,51481467,2545,2022-03-08
ftcftcftc,2883,56784357,2441,2022-03-09
ftcftcftc,2426,46392953,2095,2022-03-10
ftcftcftc,2835,57347901,2515,2022-03-11
ftcftcftc,2471,45408882,2224,2022-03-12
ftcftcftc,2709,51501282,2404,2022-03-13
ftcftcftc,2389,44839623,2137,2022-03-14
ftcftcftc,2929,63679903,2540,2022-03-15
ftcftcftc,3160,61548831,2787,2022-03-16
ftcftcftc,2549,53956028,2227,2022-03-17
ftcftcftc,2344,40072186,2055,2022-03-18
ftcftcftc,2831,53198409,2563,2022-03-19
ftcftcftc,2821,59541303,2484,2022-03-20
ftcftcftc,2792,51962865,2533,2022-03-21
ftcftcftc,2892,59353111,2530,2022-03-22
ftcftcftc,3019,54634321,2714,2022-03-23
ftcftcftc,2770,51360841,2372,2022-03-24
ftcftcftc,2300,37163484,2001,2022-03-25
ftcftcftc,2534,43583184,2237,2022-03-26
ftcftcftc,2738,45325229,2426,2022-03-27
ftcftcftc,2698,54203017,2376,2022-03-28
ftcftcftc,2771,53899498,2451,2022-03-29
gomantaktimes,13469,194940981,12876,2022-03-01
gomantaktimes,13186,157331334,12774,2022-03-02
gomantaktimes,15920,249703579,15465,2022-03-03
gomantaktimes,18200,239572777,17733,2022-03-04
gomantaktimes,14370,215159657,13965,2022-03-05
gomantaktimes,11219,132936535,10929,2022-03-06
gomantaktimes,15737,283140480,15032,2022-03-07
gomantaktimes,17268,320741829,16791,2022-03-08
gomantaktimes,12457,184632859,11915,2022-03-09
gomantaktimes,23588,519250536,22680,2022-03-10
gomantaktimes,14445,264817037,14057,2022-03-11
gomantaktimes,16504,248505581,16102,2022-03-12
gomantaktimes,11785,132232110,11245,2022-03-13
gomantaktimes,9733,205264993,9345,2022-03-14
gomantaktimes,13499,179692269,13094,2022-03-15
gomantaktimes,13022,154264833,12670,2022-03-16
gomantaktimes,12330,133214208,12028,2022-03-17
gomantaktimes,12381,127854141,11915,2022-03-18
gomantaktimes,10170,135113630,9822,2022-03-19
gomantaktimes,11244,118060157,10748,2022-03-20
gomantaktimes,22746,446040158,21975,2022-03-21
gomantaktimes,23967,447522137,23437,2022-03-22
gomantaktimes,13181,180851940,12919,2022-03-23
gomantaktimes,12560,133775425,12153,2022-03-24
gomantaktimes,12670,204637519,12183,2022-03-25
gomantaktimes,11025,119674390,10757,2022-03-26
gomantaktimes,10393,116801797,10093,2022-03-27
gomantaktimes,14115,245904550,13589,2022-03-28
gomantaktimes,9741,153107827,9442,2022-03-29
greaterkashmir,796939,27748343426,791916,2022-03-01
greaterkashmir,708068,23441777826,702673,2022-03-02
greaterkashmir,689060,22017034054,683964,2022-03-03
greaterkashmir,1080310,31944484791,1074963,2022-03-04
greaterkashmir,686422,20741500786,681295,2022-03-05
greaterkashmir,628990,20031911897,623838,2022-03-06
greaterkashmir,678179,21949476685,672341,2022-03-07
greaterkashmir,812383,29215240694,807553,2022-03-08
greaterkashmir,585630,19209035450,580562,2022-03-09
greaterkashmir,591570,19691148166,587116,2022-03-10
greaterkashmir,540913,17369649059,535420,2022-03-11
greaterkashmir,602258,18438445244,597755,2022-03-12
greaterkashmir,451952,13244566126,448093,2022-03-13
greaterkashmir,624001,20571698849,618981,2022-03-14
greaterkashmir,524601,15511607294,519175,2022-03-15
greaterkashmir,637655,19993377364,634025,2022-03-16
greaterkashmir,529135,15823505483,522019,2022-03-17
greaterkashmir,591598,18865461425,586636,2022-03-18
greaterkashmir,614590,19262278412,609250,2022-03-19
greaterkashmir,550663,15805073414,546690,2022-03-20
greaterkashmir,540229,16876152127,535400,2022-03-21
greaterkashmir,521475,16051889305,518151,2022-03-22
greaterkashmir,471191,13637326659,467061,2022-03-23
greaterkashmir,511423,16094179016,507748,2022-03-24
greaterkashmir,474627,14191347532,470317,2022-03-25
greaterkashmir,521964,15957253241,516545,2022-03-26
greaterkashmir,463217,13140584672,460151,2022-03-27
greaterkashmir,532456,16088843188,526552,2022-03-28
greaterkashmir,512022,15100123545,508319,2022-03-29
greatkarunadu,443,5843695,369,2022-03-01
greatkarunadu,447,6742670,355,2022-03-02
greatkarunadu,304,3079733,280,2022-03-03
greatkarunadu,214,1133598,204,2022-03-04
greatkarunadu,388,3633737,337,2022-03-05
greatkarunadu,303,2200512,284,2022-03-06
greatkarunadu,346,4437725,295,2022-03-07
greatkarunadu,352,2358970,321,2022-03-08
greatkarunadu,374,6070528,277,2022-03-09
greatkarunadu,282,2609917,231,2022-03-10
greatkarunadu,346,3182298,318,2022-03-11
greatkarunadu,276,2551427,227,2022-03-12
greatkarunadu,434,4437418,378,2022-03-13
greatkarunadu,226,1699134,204,2022-03-14
greatkarunadu,323,3583455,278,2022-03-15
greatkarunadu,325,4949421,272,2022-03-16
greatkarunadu,325,3654914,288,2022-03-17
greatkarunadu,495,4931686,433,2022-03-18
greatkarunadu,440,6231232,349,2022-03-19
greatkarunadu,495,3767623,465,2022-03-20
greatkarunadu,363,2393054,351,2022-03-21
greatkarunadu,495,8247331,394,2022-03-22
greatkarunadu,378,14545740,308,2022-03-23
greatkarunadu,344,3110099,307,2022-03-24
greatkarunadu,418,5205750,334,2022-03-25
greatkarunadu,536,3101443,510,2022-03-26
greatkarunadu,267,2492718,225,2022-03-27
greatkarunadu,408,3584950,356,2022-03-28
greatkarunadu,246,2351834,215,2022-03-29
happenings,488,29246688,21,2022-03-01
happenings,816,30529394,16,2022-03-02
happenings,505,13380058,6,2022-03-03
happenings,64,10409794,3,2022-03-04
happenings,150,21464969,4,2022-03-05
happenings,108,18691612,2,2022-03-06
happenings,193,25348366,6,2022-03-07
happenings,149,23881953,10,2022-03-08
happenings,104,17723995,5,2022-03-09
happenings,142,34177428,5,2022-03-10
happenings,582,142520859,6,2022-03-11
happenings,190,28837439,2,2022-03-12
happenings,354,59861990,7,2022-03-13
happenings,318,57592807,7,2022-03-14
happenings,200,34502692,8,2022-03-15
happenings,174,33771562,13,2022-03-16
happenings,178,38887717,1,2022-03-17
happenings,137,26276921,1,2022-03-18
happenings,147,26252381,4,2022-03-19
happenings,125,23125794,4,2022-03-20
happenings,99,15688785,7,2022-03-21
happenings,247,56277371,1,2022-03-22
happenings,87,15495524,0,2022-03-23
happenings,104,20135103,11,2022-03-24
happenings,299,69470638,3,2022-03-25
happenings,74,14688220,4,2022-03-26
happenings,715,15999567,8,2022-03-27
happenings,1262,31852613,37,2022-03-28
happenings,333,6914598,6,2022-03-29
hindustanreads,11430,173888895,11109,2022-03-01
hindustanreads,9558,157714980,9409,2022-03-02
hindustanreads,9884,166173984,9661,2022-03-03
hindustanreads,8760,129807978,8586,2022-03-04
hindustanreads,8365,130435421,8235,2022-03-05
hindustanreads,7779,75424295,7694,2022-03-06
hindustanreads,8875,146574010,8607,2022-03-07
hindustanreads,7165,92224717,7045,2022-03-08
hindustanreads,19114,397771904,18803,2022-03-09
hindustanreads,10909,175205601,10777,2022-03-10
hindustanreads,9845,119662520,9795,2022-03-11
hindustanreads,12540,201106946,12442,2022-03-12
hindustanreads,8443,80935420,8348,2022-03-13
hindustanreads,8628,89829519,8520,2022-03-14
hindustanreads,9991,76413371,9819,2022-03-15
hindustanreads,8434,87115121,8379,2022-03-16
hindustanreads,1116,25360767,1073,2022-03-17
hindustanreads,96,3093838,95,2022-03-18
hindustanreads,13,724255,13,2022-03-19
hindustanreads,5,663140,5,2022-03-20
hindustanreads,6348,101520936,6099,2022-03-21
hindustanreads,8254,113176201,8147,2022-03-22
hindustanreads,10100,152508760,9947,2022-03-23
hindustanreads,10358,187648109,10169,2022-03-24
hindustanreads,9054,167632840,8906,2022-03-25
hindustanreads,7667,126121339,7587,2022-03-26
hindustanreads,9636,174022043,9612,2022-03-27
hindustanreads,17151,112747824,16857,2022-03-28
hindustanreads,21274,142121332,21031,2022-03-29
iglobalnews,16076,425622011,15618,2022-03-01
iglobalnews,9499,259810247,9111,2022-03-02
iglobalnews,8800,247280992,8506,2022-03-03
iglobalnews,10888,283461045,10402,2022-03-04
iglobalnews,10067,259844697,9592,2022-03-05
iglobalnews,6623,139075565,6163,2022-03-06
iglobalnews,8863,256228219,8233,2022-03-07
iglobalnews,6860,161970476,6490,2022-03-08
iglobalnews,11127,244834088,10499,2022-03-09
iglobalnews,10432,268841527,9983,2022-03-10
iglobalnews,8800,198345942,8461,2022-03-11
iglobalnews,6486,131935683,6187,2022-03-12
iglobalnews,5349,107155014,5020,2022-03-13
iglobalnews,9708,264759576,9116,2022-03-14
iglobalnews,9985,258059828,9660,2022-03-15
iglobalnews,10719,238412955,10301,2022-03-16
iglobalnews,9117,236954790,8450,2022-03-17
iglobalnews,7191,148954403,6851,2022-03-18
iglobalnews,7429,167765248,7034,2022-03-19
iglobalnews,5546,102422784,5353,2022-03-20
iglobalnews,18403,459471286,17950,2022-03-21
iglobalnews,8374,206307899,7909,2022-03-22
iglobalnews,8732,231511203,8379,2022-03-23
iglobalnews,10979,296771101,10447,2022-03-24
iglobalnews,20306,938873600,19593,2022-03-25
iglobalnews,20774,1222955579,20414,2022-03-26
iglobalnews,6003,113745691,5731,2022-03-27
iglobalnews,16725,400553485,16266,2022-03-28
iglobalnews,21382,586155505,20970,2022-03-29
indiaglobalbusiness,10195,176962667,9614,2022-03-01
indiaglobalbusiness,9464,157830161,9040,2022-03-02
indiaglobalbusiness,10486,160971485,10055,2022-03-03
indiaglobalbusiness,9284,152975127,8896,2022-03-04
indiaglobalbusiness,8570,129354768,8229,2022-03-05
indiaglobalbusiness,8702,132688801,8246,2022-03-06
indiaglobalbusiness,18383,296569567,17756,2022-03-07
indiaglobalbusiness,10429,166193936,10006,2022-03-08
indiaglobalbusiness,8195,147203390,7718,2022-03-09
indiaglobalbusiness,9598,190237988,9071,2022-03-10
indiaglobalbusiness,10331,136171553,9985,2022-03-11
indiaglobalbusiness,7773,116253168,7417,2022-03-12
indiaglobalbusiness,8552,124045587,8184,2022-03-13
indiaglobalbusiness,9504,165879227,8966,2022-03-14
indiaglobalbusiness,9907,179188658,9378,2022-03-15
indiaglobalbusiness,8193,132251323,7836,2022-03-16
indiaglobalbusiness,8552,144187226,8185,2022-03-17
indiaglobalbusiness,11127,175879731,10536,2022-03-18
indiaglobalbusiness,8638,129040836,8311,2022-03-19
indiaglobalbusiness,8143,111765346,7877,2022-03-20
indiaglobalbusiness,8330,134381257,7923,2022-03-21
indiaglobalbusiness,8341,157684251,7919,2022-03-22
indiaglobalbusiness,8309,128308182,7899,2022-03-23
indiaglobalbusiness,8860,142179841,8364,2022-03-24
indiaglobalbusiness,7786,133683907,7405,2022-03-25
indiaglobalbusiness,7446,98382789,7185,2022-03-26
indiaglobalbusiness,8100,105964307,7810,2022-03-27
indiaglobalbusiness,8225,127872783,7765,2022-03-28
indiaglobalbusiness,9257,173092889,8861,2022-03-29
kamadenu,103696,3934223569,102404,2022-03-01
kamadenu,122140,4206657617,121266,2022-03-02
kamadenu,218596,7287998535,217514,2022-03-03
kamadenu,119111,3975127770,117991,2022-03-04
kamadenu,125231,3954121166,123907,2022-03-05
kamadenu,68520,2191896193,67974,2022-03-06
kamadenu,144564,5561531731,143032,2022-03-07
kamadenu,108342,3943986536,107712,2022-03-08
kamadenu,94862,3080305077,93259,2022-03-09
kamadenu,169879,5975095342,168929,2022-03-10
kamadenu,92917,3462220548,91613,2022-03-11
kamadenu,72523,2250662751,71464,2022-03-12
kamadenu,53554,1894105086,53039,2022-03-13
kamadenu,77508,2600783346,76669,2022-03-14
kamadenu,69928,2330521223,68969,2022-03-15
kamadenu,75843,2166800637,74903,2022-03-16
kamadenu,77925,2551766812,76826,2022-03-17
kamadenu,101965,3180665737,100561,2022-03-18
kamadenu,75296,2233307262,74279,2022-03-19
kamadenu,70593,2136945881,69789,2022-03-20
kamadenu,143839,4512380281,143133,2022-03-21
kamadenu,95327,2922555545,94443,2022-03-22
kamadenu,70356,2180592444,69549,2022-03-23
kamadenu,81850,2679935487,80197,2022-03-24
kamadenu,93085,2907317193,91707,2022-03-25
kamadenu,112653,3444877767,111412,2022-03-26
kamadenu,188545,5081158064,187590,2022-03-27
kamadenu,224625,5984902183,223520,2022-03-28
kamadenu,136919,3878061159,136048,2022-03-29
knocksense,4,23347,1,2022-03-03
knocksense,3,20299,0,2022-03-04
knocksense,11,60638,0,2022-03-06
knocksense,17,96142,4,2022-03-10
knocksense,3,13994,3,2022-03-13
knocksense,3,24071,0,2022-03-14
knocksense,24,344986,7,2022-03-16
knocksense,3,13958,0,2022-03-17
knocksense,3,15070,0,2022-03-18
knocksense,7,47922,0,2022-03-19
knocksense,3,14404,0,2022-03-20
knocksense,3,13958,0,2022-03-21
knocksense,26,1920461,0,2022-03-22
knocksense,3,13465,0,2022-03-23
knocksense,6,36630,1,2022-03-24
knocksense,31,177093,15,2022-03-25
knocksense,25,461896,0,2022-03-29
magazine-watertoday,1133,101592150,944,2022-03-01
magazine-watertoday,1590,98689982,1427,2022-03-02
magazine-watertoday,1615,55213025,1447,2022-03-03
magazine-watertoday,934,36001971,811,2022-03-04
magazine-watertoday,844,38453217,708,2022-03-05
magazine-watertoday,1141,69090287,1001,2022-03-06
magazine-watertoday,2166,86511967,1953,2022-03-07
magazine-watertoday,1392,43653855,1202,2022-03-08
magazine-watertoday,1239,114947693,1057,2022-03-09
magazine-watertoday,862,97063265,724,2022-03-10
magazine-watertoday,973,64131373,792,2022-03-11
magazine-watertoday,1227,24029280,1053,2022-03-12
magazine-watertoday,670,22545733,529,2022-03-13
magazine-watertoday,856,62380834,704,2022-03-14
magazine-watertoday,745,87978339,591,2022-03-15
magazine-watertoday,793,62070257,641,2022-03-16
magazine-watertoday,1800,42854145,1651,2022-03-17
magazine-watertoday,856,42367200,736,2022-03-18
magazine-watertoday,999,92099342,850,2022-03-19
magazine-watertoday,1235,26407700,1087,2022-03-20
magazine-watertoday,1288,30454770,1087,2022-03-21
magazine-watertoday,1270,95797539,1100,2022-03-22
magazine-watertoday,1091,35404133,941,2022-03-23
magazine-watertoday,1276,33627514,1076,2022-03-24
magazine-watertoday,1235,86284018,1107,2022-03-25
magazine-watertoday,1012,45040661,854,2022-03-26
magazine-watertoday,807,25274733,693,2022-03-27
magazine-watertoday,1021,61519791,843,2022-03-28
magazine-watertoday,1037,23226045,849,2022-03-29
matternews,4117,69191582,3678,2022-03-01
matternews,3775,54153811,3451,2022-03-02
matternews,4481,69863832,4174,2022-03-03
matternews,3577,56882788,3300,2022-03-04
matternews,3383,46776907,3189,2022-03-05
matternews,2994,38543246,2836,2022-03-06
matternews,3671,49244474,3324,2022-03-07
matternews,3454,44822965,3170,2022-03-08
matternews,4065,63003278,3618,2022-03-09
matternews,3622,53246313,3321,2022-03-10
matternews,4056,54690426,3795,2022-03-11
matternews,4164,61364875,3915,2022-03-12
matternews,3067,34015250,2871,2022-03-13
matternews,3554,49296725,3222,2022-03-14
matternews,3418,43829260,3122,2022-03-15
matternews,3220,39351973,3006,2022-03-16
matternews,4517,70579576,4203,2022-03-17
matternews,4005,73410625,3689,2022-03-18
matternews,3854,50953486,3682,2022-03-19
matternews,3539,46272002,3356,2022-03-20
matternews,4377,68928855,4051,2022-03-21
matternews,3851,63416222,3554,2022-03-22
matternews,3706,60971657,3414,2022-03-23
matternews,3670,48819061,3437,2022-03-24
matternews,3995,58491104,3666,2022-03-25
matternews,3582,42634438,3390,2022-03-26
matternews,3384,42609734,3150,2022-03-27
matternews,3720,52743210,3533,2022-03-28
matternews,3634,49732757,3430,2022-03-29
mimorelia,828308,33374981825,826190,2022-03-01
mimorelia,555232,20536748679,553532,2022-03-02
mimorelia,600641,21613399464,598949,2022-03-03
mimorelia,431391,14165318428,430277,2022-03-04
mimorelia,518635,19533766400,517141,2022-03-05
mimorelia,894353,34918337085,891953,2022-03-06
mimorelia,781067,31144579739,778965,2022-03-07
mimorelia,946853,36542965260,944869,2022-03-08
mimorelia,931476,35700607976,928694,2022-03-09
mimorelia,825836,32686907115,823833,2022-03-10
mimorelia,713389,27427612161,711973,2022-03-11
mimorelia,536277,20484434222,535240,2022-03-12
mimorelia,649642,25415385465,648102,2022-03-13
mimorelia,880196,34707807233,878344,2022-03-14
mimorelia,730090,26477684583,728437,2022-03-15
mimorelia,598132,23447836948,596777,2022-03-16
mimorelia,772063,30860266252,770087,2022-03-17
mimorelia,765501,31592953783,763524,2022-03-18
mimorelia,475375,18128635967,474326,2022-03-19
mimorelia,390206,14127741560,388973,2022-03-20
mimorelia,799483,33846267405,797726,2022-03-21
mimorelia,600593,24150828845,598996,2022-03-22
mimorelia,748046,30225909889,746508,2022-03-23
mimorelia,731273,31383230134,729867,2022-03-24
mimorelia,625349,26128133745,623787,2022-03-25
mimorelia,465302,19698433376,464760,2022-03-26
mimorelia,395475,13514167140,394929,2022-03-27
mimorelia,491340,18390439236,490469,2022-03-28
mimorelia,617642,27534584898,616873,2022-03-29
mumbaitak,599514,21488329699,596893,2022-03-01
mumbaitak,357295,12502222136,355800,2022-03-02
mumbaitak,274059,9197686878,272801,2022-03-03
mumbaitak,256300,8320820740,255075,2022-03-04
mumbaitak,252201,8511816203,251099,2022-03-05
mumbaitak,149890,4763824236,148490,2022-03-06
mumbaitak,226560,8097227438,224525,2022-03-07
mumbaitak,282313,10142987642,280982,2022-03-08
mumbaitak,322365,11575114365,320500,2022-03-09
mumbaitak,328216,11631513113,326731,2022-03-10
mumbaitak,285565,10125515062,284451,2022-03-11
mumbaitak,287115,9783316717,285770,2022-03-12
mumbaitak,246629,8629680323,245363,2022-03-13
mumbaitak,196422,6553833931,195297,2022-03-14
mumbaitak,206569,7174181996,205543,2022-03-15
mumbaitak,207665,6931137249,206430,2022-03-16
mumbaitak,132671,4189240205,131844,2022-03-17
mumbaitak,83214,2265384572,82326,2022-03-18
mumbaitak,208096,6858106230,206872,2022-03-19
mumbaitak,161180,5398358366,160153,2022-03-20
mumbaitak,226147,7631749455,225082,2022-03-21
mumbaitak,186152,5911647759,184816,2022-03-22
mumbaitak,209768,6847722760,208211,2022-03-23
mumbaitak,680699,21389883767,678533,2022-03-24
mumbaitak,177249,5742086964,176281,2022-03-25
mumbaitak,105822,3284609358,105040,2022-03-26
mumbaitak,175217,5752464593,174269,2022-03-27
mumbaitak,146943,4594668826,145728,2022-03-28
mumbaitak,311920,9704972126,310549,2022-03-29
nationwide,1,209738,0,2022-03-01
nationwide,3,33308,0,2022-03-02
nationwide,3,33308,0,2022-03-04
nationwide,1,12515,0,2022-03-05
nationwide,1,209714,0,2022-03-09
nationwide,1,209738,0,2022-03-10
nationwide,3,103401,0,2022-03-15
nationwide,1,209714,0,2022-03-16
nationwide,1,209719,0,2022-03-21
nationwide,2,247003,0,2022-03-23
nationwide,1,209714,0,2022-03-29
netindian,38855,509126068,37897,2022-03-01
netindian,38202,460231392,37203,2022-03-02
netindian,50785,396345640,50110,2022-03-03
netindian,53360,442051098,52748,2022-03-04
netindian,39247,485735900,38579,2022-03-05
netindian,31110,332832391,30678,2022-03-06
netindian,36840,429821738,35725,2022-03-07
netindian,31207,391078290,30299,2022-03-08
netindian,29622,392692275,28753,2022-03-09
netindian,28357,357522492,27665,2022-03-10
netindian,30903,375317385,30012,2022-03-11
netindian,31214,374795184,30591,2022-03-12
netindian,33537,341838775,32993,2022-03-13
netindian,33888,431961289,32817,2022-03-14
netindian,35504,414535704,35027,2022-03-15
netindian,34234,378040960,33657,2022-03-16
netindian,43871,327456921,43334,2022-03-17
netindian,49750,381954833,49044,2022-03-18
netindian,38203,349375449,37533,2022-03-19
netindian,36240,335795190,35745,2022-03-20
netindian,38502,438760894,37844,2022-03-21
netindian,40083,455768421,39146,2022-03-22
netindian,33625,342350479,32925,2022-03-23
netindian,39328,404319414,38533,2022-03-24
netindian,38515,500772463,37734,2022-03-25
netindian,38276,496068069,37463,2022-03-26
netindian,43415,445679662,42767,2022-03-27
netindian,42125,422376631,41096,2022-03-28
netindian,40728,426217716,40110,2022-03-29
newslaundry,292320,16717064759,287224,2022-03-01
newslaundry,234061,13295535012,228824,2022-03-02
newslaundry,335277,18160859399,329069,2022-03-03
newslaundry,255842,14330820275,251423,2022-03-04
newslaundry,186248,12166719850,180722,2022-03-05
newslaundry,266807,16039963944,261282,2022-03-06
newslaundry,228957,14920007843,223965,2022-03-07
newslaundry,217795,14073864570,212380,2022-03-08
newslaundry,206690,14176026835,200633,2022-03-09
newslaundry,233187,14741131521,227493,2022-03-10
newslaundry,202161,12614613871,196845,2022-03-11
newslaundry,167513,10964904271,163007,2022-03-12
newslaundry,150330,9567628417,146448,2022-03-13
newslaundry,186812,12042227730,182058,2022-03-14
newslaundry,347302,18954529143,341191,2022-03-15
newslaundry,472269,26213640167,464441,2022-03-16
newslaundry,469931,25467793565,462071,2022-03-17
newslaundry,366989,18767758814,362031,2022-03-18
newslaundry,341510,18586470725,336037,2022-03-19
newslaundry,389310,20575100122,384067,2022-03-20
newslaundry,321547,17087880367,314281,2022-03-21
newslaundry,228697,12939380043,222134,2022-03-22
newslaundry,202024,11709903141,195478,2022-03-23
newslaundry,201919,11108857776,197256,2022-03-24
newslaundry,239317,13448017031,232993,2022-03-25
newslaundry,325665,19934309520,318766,2022-03-26
newslaundry,261571,15393308858,255949,2022-03-27
newslaundry,234075,13875238011,227134,2022-03-28
newslaundry,238965,14085958159,232318,2022-03-29
newssensetn,13858,614109197,12733,2022-03-01
newssensetn,18573,754697562,17592,2022-03-02
newssensetn,18008,715505211,17153,2022-03-03
newssensetn,31465,1195718928,30161,2022-03-04
newssensetn,34431,1212796750,33401,2022-03-05
newssensetn,22334,804051179,21559,2022-03-06
newssensetn,24286,953439138,22804,2022-03-07
newssensetn,38655,1477925514,37430,2022-03-08
newssensetn,20137,796124200,18963,2022-03-09
newssensetn,22776,834981076,21899,2022-03-10
newssensetn,36847,1453090242,35509,2022-03-11
newssensetn,33353,1197988373,32336,2022-03-12
newssensetn,27040,960691372,25930,2022-03-13
newssensetn,120364,4219598664,118993,2022-03-14
newssensetn,52289,1874278265,51106,2022-03-15
newssensetn,47817,1834952465,46512,2022-03-16
newssensetn,77145,2840749908,75925,2022-03-17
newssensetn,242426,8498536346,240392,2022-03-18
newssensetn,366361,12301688279,365219,2022-03-19
newssensetn,212892,7446760142,212014,2022-03-20
newssensetn,133987,4873111157,133449,2022-03-21
newssensetn,73474,2872083298,72710,2022-03-22
newssensetn,145883,5573468411,145047,2022-03-23
newssensetn,151865,5916563490,151062,2022-03-24
newssensetn,50003,1932665640,48952,2022-03-25
newssensetn,16242,618845644,15544,2022-03-26
newssensetn,12231,497839012,11559,2022-03-27
newssensetn,7940,329345111,7301,2022-03-28
newssensetn,10335,442073004,9510,2022-03-29
pennews,424,29643032,25,2022-03-01
pennews,1981,27287626,39,2022-03-02
pennews,3018,25391679,10,2022-03-03
pennews,396,29774055,13,2022-03-04
pennews,1028,38949695,7,2022-03-05
pennews,464,36899599,5,2022-03-06
pennews,546,49075289,3,2022-03-07
pennews,545,44035420,5,2022-03-08
pennews,306,27674878,10,2022-03-09
pennews,366,42580242,4,2022-03-10
pennews,1237,116265944,11,2022-03-11
pennews,920,76782559,9,2022-03-12
pennews,1464,117021295,10,2022-03-13
pennews,894,75915714,2,2022-03-14
pennews,401,34411917,13,2022-03-15
pennews,250,34215831,3,2022-03-16
pennews,334,41759874,2,2022-03-17
pennews,203,24404350,0,2022-03-18
pennews,585,54931004,3,2022-03-19
pennews,160,20450108,1,2022-03-20
pennews,239,25745499,4,2022-03-21
pennews,294,34093553,2,2022-03-22
pennews,264,28018909,7,2022-03-23
pennews,302,26741255,23,2022-03-24
pennews,515,54542311,19,2022-03-25
pennews,234,20534173,4,2022-03-26
pennews,594,26546720,5,2022-03-27
pennews,3026,45672617,14,2022-03-28
pennews,998,17625625,14,2022-03-29
peoplesreporter,14686,351885682,14270,2022-03-01
peoplesreporter,21662,611388774,21102,2022-03-02
peoplesreporter,21439,583610116,20684,2022-03-03
peoplesreporter,16477,397501692,16047,2022-03-04
peoplesreporter,22091,627895303,21533,2022-03-05
peoplesreporter,21440,545266745,20963,2022-03-06
peoplesreporter,18336,509880897,17767,2022-03-07
peoplesreporter,26434,727329584,25959,2022-03-08
peoplesreporter,13777,323824449,13153,2022-03-09
peoplesreporter,15688,415991705,14768,2022-03-10
peoplesreporter,24423,702537935,23691,2022-03-11
peoplesreporter,20047,523493879,19635,2022-03-12
peoplesreporter,25363,717508617,24900,2022-03-13
peoplesreporter,25549,716525314,25027,2022-03-14
peoplesreporter,25873,724325092,25368,2022-03-15
peoplesreporter,21746,548607906,21395,2022-03-16
peoplesreporter,15420,388005959,15136,2022-03-17
peoplesreporter,17149,423913804,16761,2022-03-18
peoplesreporter,28563,805801671,28179,2022-03-19
peoplesreporter,17540,460392793,17175,2022-03-20
peoplesreporter,18600,484965879,18130,2022-03-21
peoplesreporter,16299,401283122,15630,2022-03-22
peoplesreporter,11588,227205169,11311,2022-03-23
peoplesreporter,13751,314484904,13375,2022-03-24
peoplesreporter,18054,486673188,17435,2022-03-25
peoplesreporter,30788,881817696,29989,2022-03-26
peoplesreporter,12073,251369424,11919,2022-03-27
peoplesreporter,15160,351391466,14487,2022-03-28
peoplesreporter,17442,459673087,16941,2022-03-29
pratidhvani,91,179623015,42,2022-03-01
pratidhvani,121,261678710,57,2022-03-02
pratidhvani,88,198132662,38,2022-03-03
pratidhvani,86,190451339,34,2022-03-04
pratidhvani,94,172380214,47,2022-03-05
pratidhvani,85,211702441,47,2022-03-06
pratidhvani,92,240553214,39,2022-03-07
pratidhvani,179,410204981,64,2022-03-08
pratidhvani,222,508180265,86,2022-03-09
pratidhvani,167,287749938,60,2022-03-10
pratidhvani,169,376453292,60,2022-03-11
pratidhvani,120,269113324,51,2022-03-12
pratidhvani,109,202104060,40,2022-03-13
pratidhvani,191,386337092,63,2022-03-14
pratidhvani,153,277052902,47,2022-03-15
pratidhvani,187,298964311,83,2022-03-16
pratidhvani,187,272761024,49,2022-03-17
pratidhvani,112,211820717,44,2022-03-18
pratidhvani,148,226097234,36,2022-03-19
pratidhvani,149,359238648,60,2022-03-20
pratidhvani,171,333173765,65,2022-03-21
pratidhvani,131,224589699,42,2022-03-22
pratidhvani,167,319621635,69,2022-03-23
pratidhvani,151,334275964,70,2022-03-24
pratidhvani,138,261181866,43,2022-03-25
pratidhvani,176,310363235,51,2022-03-26
pratidhvani,125,239670514,33,2022-03-27
pratidhvani,161,268664890,60,2022-03-28
pratidhvani,546,340976346,56,2022-03-29
pratidintime,66434,1135990481,65557,2022-03-01
pratidintime,61332,1043240050,60665,2022-03-02
pratidintime,58934,969631931,58396,2022-03-03
pratidintime,82724,1384574824,81914,2022-03-04
pratidintime,69153,1123692652,68620,2022-03-05
pratidintime,61996,931114986,61387,2022-03-06
pratidintime,72489,1140571147,71350,2022-03-07
pratidintime,72173,1059301462,71529,2022-03-08
pratidintime,80313,1352040523,79357,2022-03-09
pratidintime,72505,1100145451,71825,2022-03-10
pratidintime,65763,1032305870,65119,2022-03-11
pratidintime,92127,1637990176,91759,2022-03-12
pratidintime,62235,1005650712,61519,2022-03-13
pratidintime,65467,1084916253,64670,2022-03-14
pratidintime,66362,1049584876,65616,2022-03-15
pratidintime,109394,2842000472,108585,2022-03-16
pratidintime,77506,1996942571,77007,2022-03-17
pratidintime,55632,1027489150,55073,2022-03-18
pratidintime,73777,1582695430,73333,2022-03-19
pratidintime,69234,1264395208,68579,2022-03-20
pratidintime,70299,1247167574,69672,2022-03-21
pratidintime,66613,1053810931,65933,2022-03-22
pratidintime,73065,1345721295,72448,2022-03-23
pratidintime,78080,1456051224,77420,2022-03-24
pratidintime,78932,1429343519,77925,2022-03-25
pratidintime,95702,1543597769,94892,2022-03-26
pratidintime,101869,1980000796,101107,2022-03-27
pratidintime,80647,1401300175,79977,2022-03-28
pratidintime,73245,1135195137,72287,2022-03-29
pratinidhimanthan,2102,20317176,1990,2022-03-01
pratinidhimanthan,4484,85978040,4179,2022-03-02
pratinidhimanthan,3617,49724418,3415,2022-03-03
pratinidhimanthan,4539,24841825,4467,2022-03-04
pratinidhimanthan,2507,24849469,2390,2022-03-05
pratinidhimanthan,1956,19584554,1851,2022-03-06
pratinidhimanthan,3455,36023341,3247,2022-03-07
pratinidhimanthan,1606,13421135,1513,2022-03-08
pratinidhimanthan,3094,26933201,2912,2022-03-09
pratinidhimanthan,9868,253472778,9523,2022-03-10
pratinidhimanthan,4508,34309767,4414,2022-03-11
pratinidhimanthan,3134,32522316,3007,2022-03-12
pratinidhimanthan,1639,12084233,1557,2022-03-13
pratinidhimanthan,2673,29415942,2534,2022-03-14
pratinidhimanthan,2130,17002604,2035,2022-03-15
pratinidhimanthan,2261,24110396,2121,2022-03-16
pratinidhimanthan,3294,45688802,3161,2022-03-17
pratinidhimanthan,3474,9519400,3415,2022-03-18
pratinidhimanthan,1561,14048169,1456,2022-03-19
pratinidhimanthan,1464,12187370,1396,2022-03-20
pratinidhimanthan,2342,21247859,2207,2022-03-21
pratinidhimanthan,3261,17681536,3130,2022-03-22
pratinidhimanthan,2175,15589153,2094,2022-03-23
pratinidhimanthan,2552,27585413,2394,2022-03-24
pratinidhimanthan,4394,22832313,4223,2022-03-25
pratinidhimanthan,1748,11351050,1684,2022-03-26
pratinidhimanthan,1573,10288905,1477,2022-03-27
pratinidhimanthan,2455,25959308,2309,2022-03-28
pratinidhimanthan,3328,17841589,3217,2022-03-29
presscenter,42722,1899679641,41521,2022-03-01
presscenter,113832,4942425032,112219,2022-03-02
presscenter,107325,4615432742,106104,2022-03-03
presscenter,76998,3111421720,76262,2022-03-04
presscenter,55027,2149428367,54515,2022-03-05
presscenter,350191,17437707649,347579,2022-03-06
presscenter,236163,11178121357,234052,2022-03-07
presscenter,358402,16622525222,356813,2022-03-08
presscenter,93765,3413629588,92693,2022-03-09
presscenter,50120,1856039409,49340,2022-03-10
presscenter,52575,1949991808,51778,2022-03-11
presscenter,32820,1084849493,32456,2022-03-12
presscenter,27202,830770918,26793,2022-03-13
presscenter,35786,1239374560,35032,2022-03-14
presscenter,46038,1663562105,45252,2022-03-15
presscenter,51679,1949759516,50831,2022-03-16
presscenter,43433,1589824996,42705,2022-03-17
presscenter,50287,1825120668,49484,2022-03-18
presscenter,38839,1301197694,38385,2022-03-19
presscenter,24075,780273313,23764,2022-03-20
presscenter,31492,1151207316,30587,2022-03-21
presscenter,242182,9440090703,240070,2022-03-22
presscenter,671913,25719568522,669771,2022-03-23
presscenter,314605,11579955933,313492,2022-03-24
presscenter,75679,2685167032,74805,2022-03-25
presscenter,30139,978996783,29765,2022-03-26
presscenter,27862,818584316,27463,2022-03-27
presscenter,50576,1810937455,49630,2022-03-28
presscenter,52015,1882202181,50902,2022-03-29
punjabtoday,5106,174886948,4800,2022-03-01
punjabtoday,5193,194490636,4963,2022-03-02
punjabtoday,2557,69044171,2447,2022-03-03
punjabtoday,4839,189538814,4698,2022-03-04
punjabtoday,5485,48414305,5377,2022-03-05
punjabtoday,2216,45517614,2126,2022-03-06
punjabtoday,2144,50346462,1945,2022-03-07
punjabtoday,3207,94097776,3030,2022-03-08
punjabtoday,2651,68599247,2462,2022-03-09
punjabtoday,2340,56351035,2161,2022-03-10
punjabtoday,2111,39591440,1999,2022-03-11
punjabtoday,2370,54063621,2234,2022-03-12
punjabtoday,2297,47491244,2210,2022-03-13
punjabtoday,2163,42420036,2012,2022-03-14
punjabtoday,1846,37006978,1717,2022-03-15
punjabtoday,6408,194936219,6201,2022-03-16
punjabtoday,2301,55661903,2196,2022-03-17
punjabtoday,1810,39788487,1685,2022-03-18
punjabtoday,2916,71217902,2825,2022-03-19
punjabtoday,1626,30186520,1562,2022-03-20
punjabtoday,2455,46034960,2327,2022-03-21
punjabtoday,2219,53139175,2087,2022-03-22
punjabtoday,10288,341398396,10092,2022-03-23
punjabtoday,6289,184257565,6171,2022-03-24
punjabtoday,1724,32340752,1587,2022-03-25
punjabtoday,8268,240327857,8072,2022-03-26
punjabtoday,2685,67198164,2645,2022-03-27
punjabtoday,1478,25845581,1395,2022-03-28
punjabtoday,7965,212493896,7770,2022-03-29
raftaar,52825,1162168152,52311,2022-03-01
raftaar,248074,4086628932,247400,2022-03-02
raftaar,87450,1944007664,86921,2022-03-03
raftaar,92573,2430560123,91749,2022-03-04
raftaar,53229,1230911899,52735,2022-03-05
raftaar,74568,1626139954,73983,2022-03-06
raftaar,84647,1951803010,84010,2022-03-07
raftaar,113505,3499669045,112690,2022-03-08
raftaar,106324,3110286131,105081,2022-03-09
raftaar,110965,3501544690,110114,2022-03-10
raftaar,81758,1889843495,81266,2022-03-11
raftaar,137852,2399470020,137202,2022-03-12
raftaar,79982,2286042867,79185,2022-03-13
raftaar,54223,1232882921,53779,2022-03-14
raftaar,183054,2184556119,182444,2022-03-15
raftaar,50665,1143834770,50230,2022-03-16
raftaar,121202,1695210153,120562,2022-03-17
raftaar,106598,1291553230,105965,2022-03-18
raftaar,62389,1308032347,61893,2022-03-19
raftaar,69087,1782308051,68250,2022-03-20
raftaar,124824,1950257594,124278,2022-03-21
raftaar,72392,1621172565,71873,2022-03-22
raftaar,86909,2394537718,86186,2022-03-23
raftaar,58334,1347036100,57907,2022-03-24
raftaar,56627,1293600312,56155,2022-03-25
raftaar,51919,1178962709,51487,2022-03-26
raftaar,76655,2125585545,75903,2022-03-27
raftaar,54458,1268617066,53992,2022-03-28
raftaar,90031,2491228251,89176,2022-03-29
rajexpress,52411,809516559,50082,2022-03-01
rajexpress,47559,756007993,45934,2022-03-02
rajexpress,51097,874913799,48635,2022-03-03
rajexpress,66858,788976592,65544,2022-03-04
rajexpress,46289,726833488,44377,2022-03-05
rajexpress,46609,712870053,44278,2022-03-06
rajexpress,59486,791880773,57353,2022-03-07
rajexpress,55130,813724355,53650,2022-03-08
rajexpress,46644,769631562,44598,2022-03-09
rajexpress,45551,728029611,43484,2022-03-10
rajexpress,67395,781929050,64921,2022-03-11
rajexpress,44523,672158914,41848,2022-03-12
rajexpress,49273,714899503,47965,2022-03-13
rajexpress,65720,879941935,62334,2022-03-14
rajexpress,48134,745745910,46341,2022-03-15
rajexpress,47542,714267706,45491,2022-03-16
rajexpress,48314,805625469,45947,2022-03-17
rajexpress,71798,845165430,70595,2022-03-18
rajexpress,75369,1412210773,73682,2022-03-19
rajexpress,55675,815757193,54442,2022-03-20
rajexpress,70244,952188758,67965,2022-03-21
rajexpress,56257,941395216,54599,2022-03-22
rajexpress,45808,655552586,44362,2022-03-23
rajexpress,49141,730731121,46790,2022-03-24
rajexpress,70755,779763986,67978,2022-03-25
rajexpress,52877,831866675,51107,2022-03-26
rajexpress,49343,663341245,47824,2022-03-27
rajexpress,61691,717447515,59060,2022-03-28
rajexpress,48591,731365686,46157,2022-03-29
saamtv,511128,17313964170,506317,2022-03-01
saamtv,577878,19762441724,573028,2022-03-02
saamtv,474723,14555415145,470498,2022-03-03
saamtv,531149,16086114864,526701,2022-03-04
saamtv,638468,19720358598,635394,2022-03-05
saamtv,554833,16283942659,551573,2022-03-06
saamtv,582211,19011893077,577254,2022-03-07
saamtv,468303,16257144173,463863,2022-03-08
saamtv,528382,18885853815,524231,2022-03-09
saamtv,566807,20359715751,562042,2022-03-10
saamtv,466082,14885024523,461237,2022-03-11
saamtv,484008,14611760690,480571,2022-03-12
saamtv,459865,14851634230,456157,2022-03-13
saamtv,364819,11300510442,360320,2022-03-14
saamtv,373168,11084168334,369474,2022-03-15
saamtv,380861,11836110195,377539,2022-03-16
saamtv,322205,9869753278,319034,2022-03-17
saamtv,277721,8426737753,274444,2022-03-18
saamtv,306347,9291620539,304210,2022-03-19
saamtv,260241,7916194467,257604,2022-03-20
saamtv,375824,10349217320,371069,2022-03-21
saamtv,391598,11038590357,386205,2022-03-22
saamtv,376614,10739352535,371627,2022-03-23
saamtv,327092,9299369843,322079,2022-03-24
saamtv,362110,10009088565,356833,2022-03-25
saamtv,297276,7953083903,294837,2022-03-26
saamtv,304664,8379176657,301979,2022-03-27
saamtv,337260,10098383532,334170,2022-03-28
saamtv,297407,8581494682,293692,2022-03-29
sabq,5529554,210417732415,5524028,2022-03-01
sabq,5699745,210265207220,5697222,2022-03-02
sabq,5441788,190700892279,5439074,2022-03-03
sabq,4792652,171214624033,4789832,2022-03-04
sabq,5138705,184640539907,5136085,2022-03-05
sabq,5196376,186374600753,5192948,2022-03-06
sabq,6986589,276731567679,6981124,2022-03-07
sabq,6174111,231809560723,6171663,2022-03-08
sabq,6550227,247725802425,6544338,2022-03-09
sabq,7187156,261146242487,7183645,2022-03-10
sabq,4821940,175111425830,4819657,2022-03-11
sabq,6018777,211974299072,6016682,2022-03-12
sabq,5225145,186121757619,5222518,2022-03-13
sabq,4744699,172211130270,4741975,2022-03-14
sabq,4354299,158992354172,4351776,2022-03-15
sabq,4655934,168222585116,4652229,2022-03-16
sabq,4936469,176002187016,4933259,2022-03-17
sabq,4016647,146156561824,4014045,2022-03-18
sabq,4601218,166315016779,4599017,2022-03-19
sabq,5322922,189017623325,5320018,2022-03-20
sabq,4957124,176486929860,4953929,2022-03-21
sabq,5272505,188085968386,5269256,2022-03-22
sabq,4595517,168059151396,4592847,2022-03-23
sabq,3886780,141860376977,3883636,2022-03-24
sabq,3744157,136285887399,3741775,2022-03-25
sabq,4878139,169385324572,4875998,2022-03-26
sabq,4319041,153233367146,4316772,2022-03-27
sabq,3978921,142715822388,3976265,2022-03-28
sabq,4219339,152937416049,4216956,2022-03-29
sarkarnama,722809,29027543145,719684,2022-03-01
sarkarnama,664962,25665315019,661065,2022-03-02
sarkarnama,487417,17113512444,483824,2022-03-03
sarkarnama,435824,15396535840,433266,2022-03-04
sarkarnama,374602,12592534279,372068,2022-03-05
sarkarnama,393802,13418089713,391565,2022-03-06
sarkarnama,2792897,86851910699,2787766,2022-03-07
sarkarnama,798035,28495307801,794430,2022-03-08
sarkarnama,668115,25526186944,665325,2022-03-09
sarkarnama,757698,30613509053,753408,2022-03-10
sarkarnama,659933,23910102201,656951,2022-03-11
sarkarnama,531154,19185238528,528186,2022-03-12
sarkarnama,368936,13215561701,365940,2022-03-13
sarkarnama,467408,16701480189,463408,2022-03-14
sarkarnama,448274,15920772336,444193,2022-03-15
sarkarnama,529083,17646878201,525540,2022-03-16
sarkarnama,381316,12520095922,379155,2022-03-17
sarkarnama,331062,10060408323,328067,2022-03-18
sarkarnama,360327,11619194054,357431,2022-03-19
sarkarnama,364440,12228710762,361996,2022-03-20
sarkarnama,490182,15537522153,487400,2022-03-21
sarkarnama,368006,11435530166,364652,2022-03-22
sarkarnama,389822,12660839687,386311,2022-03-23
sarkarnama,362590,11940712172,358681,2022-03-24
sarkarnama,400193,13516530892,396787,2022-03-25
sarkarnama,298278,10016493081,295855,2022-03-26
sarkarnama,278019,9363058487,275411,2022-03-27
sarkarnama,340057,11508698069,337512,2022-03-28
sarkarnama,318964,10517103771,316093,2022-03-29
sathyadeepam,18396,465440995,17878,2022-03-01
sathyadeepam,17938,460921253,17712,2022-03-02
sathyadeepam,12280,269029531,12087,2022-03-03
sathyadeepam,16817,440242889,16477,2022-03-04
sathyadeepam,14251,304039386,13982,2022-03-05
sathyadeepam,10270,171598557,10113,2022-03-06
sathyadeepam,16238,409333842,15726,2022-03-07
sathyadeepam,14790,374075468,14490,2022-03-08
sathyadeepam,14615,382399550,14219,2022-03-09
sathyadeepam,10636,252478498,10343,2022-03-10
sathyadeepam,16782,432057550,16444,2022-03-11
sathyadeepam,13778,316847358,13584,2022-03-12
sathyadeepam,9337,160869624,9223,2022-03-13
sathyadeepam,16220,399892890,15858,2022-03-14
sathyadeepam,12672,285098786,12457,2022-03-15
sathyadeepam,9911,182163951,9760,2022-03-16
sathyadeepam,12037,249335100,11700,2022-03-17
sathyadeepam,13011,247261363,12729,2022-03-18
sathyadeepam,13136,283685792,12898,2022-03-19
sathyadeepam,9436,141021656,9321,2022-03-20
sathyadeepam,12069,226798585,11877,2022-03-21
sathyadeepam,15344,376472472,15083,2022-03-22
sathyadeepam,14045,319794648,13837,2022-03-23
sathyadeepam,12773,244327501,12589,2022-03-24
sathyadeepam,17038,391785919,16593,2022-03-25
sathyadeepam,15090,331000375,14899,2022-03-26
sathyadeepam,11886,229448302,11684,2022-03-27
sathyadeepam,11915,250831603,11682,2022-03-28
sathyadeepam,14141,342183341,13859,2022-03-29
sinceindependence,58203,870268888,57506,2022-03-01
sinceindependence,57553,896278281,57019,2022-03-02
sinceindependence,53533,787137829,53008,2022-03-03
sinceindependence,56635,845523687,56239,2022-03-04
sinceindependence,51926,652617185,51521,2022-03-05
sinceindependence,49072,703044048,48646,2022-03-06
sinceindependence,57563,776354800,56714,2022-03-07
sinceindependence,57898,728434968,57485,2022-03-08
sinceindependence,52269,679268878,51466,2022-03-09
sinceindependence,47085,632526920,46561,2022-03-10
sinceindependence,43761,479559541,43374,2022-03-11
sinceindependence,41202,358295517,40872,2022-03-12
sinceindependence,44479,393525626,44077,2022-03-13
sinceindependence,45527,340542072,45104,2022-03-14
sinceindependence,44076,364940057,43633,2022-03-15
sinceindependence,51504,463681511,51086,2022-03-16
sinceindependence,38982,345240889,38550,2022-03-17
sinceindependence,34800,302250863,34356,2022-03-18
sinceindependence,36537,367890821,36223,2022-03-19
sinceindependence,43260,356024410,42913,2022-03-20
sinceindependence,50057,340949256,49600,2022-03-21
sinceindependence,39625,272154005,39210,2022-03-22
sinceindependence,41202,406491861,40785,2022-03-23
sinceindependence,46238,420900016,45887,2022-03-24
sinceindependence,48128,360756252,47700,2022-03-25
sinceindependence,52705,430656091,52317,2022-03-26
sinceindependence,44173,302638821,43806,2022-03-27
sinceindependence,48104,443772639,47600,2022-03-28
sinceindependence,38640,390287052,38182,2022-03-29
sinceindependence-hindi,26904,701387605,26384,2022-03-01
sinceindependence-hindi,26619,577210370,26286,2022-03-02
sinceindependence-hindi,23785,525492038,23345,2022-03-03
sinceindependence-hindi,43038,1081965302,42383,2022-03-04
sinceindependence-hindi,31530,630405715,31186,2022-03-05
sinceindependence-hindi,34895,730476482,34322,2022-03-06
sinceindependence-hindi,34254,889000568,33675,2022-03-07
sinceindependence-hindi,38489,1169627939,38073,2022-03-08
sinceindependence-hindi,31269,837902634,30737,2022-03-09
sinceindependence-hindi,20399,381121241,20072,2022-03-10
sinceindependence-hindi,26310,604963274,25892,2022-03-11
sinceindependence-hindi,31190,761610933,30735,2022-03-12
sinceindependence-hindi,31236,719367220,30968,2022-03-13
sinceindependence-hindi,45143,1221406354,44047,2022-03-14
sinceindependence-hindi,49284,1374719478,48581,2022-03-15
sinceindependence-hindi,45398,1078578353,44939,2022-03-16
sinceindependence-hindi,21207,420766182,20902,2022-03-17
sinceindependence-hindi,75322,399603021,74888,2022-03-18
sinceindependence-hindi,38016,539612649,37687,2022-03-19
sinceindependence-hindi,46927,585304425,46337,2022-03-20
sinceindependence-hindi,33626,912860602,33107,2022-03-21
sinceindependence-hindi,34741,926173965,34366,2022-03-22
sinceindependence-hindi,43485,1052039845,43181,2022-03-23
sinceindependence-hindi,42759,1161729307,42443,2022-03-24
sinceindependence-hindi,33951,893079246,33550,2022-03-25
sinceindependence-hindi,32582,611480398,32000,2022-03-26
sinceindependence-hindi,25819,374243438,25621,2022-03-27
sinceindependence-hindi,22017,382754978,21723,2022-03-28
sinceindependence-hindi,33376,808691164,32984,2022-03-29
startupcityindia,5184,102169564,4764,2022-03-01
startupcityindia,6308,120685921,5904,2022-03-02
startupcityindia,6952,149393382,6560,2022-03-03
startupcityindia,7004,110390259,6718,2022-03-04
startupcityindia,4718,82433125,4499,2022-03-05
startupcityindia,3973,65904254,3758,2022-03-06
startupcityindia,7090,114915868,6643,2022-03-07
startupcityindia,6856,161697133,6438,2022-03-08
startupcityindia,7999,198927200,7551,2022-03-09
startupcityindia,7685,181430839,7285,2022-03-10
startupcityindia,9235,164277059,9001,2022-03-11
startupcityindia,6512,119917497,6239,2022-03-12
startupcityindia,5162,110401246,4824,2022-03-13
startupcityindia,10139,228434345,9849,2022-03-14
startupcityindia,11557,271321681,11143,2022-03-15
startupcityindia,12330,272559143,11975,2022-03-16
startupcityindia,10591,222595734,10057,2022-03-17
startupcityindia,6785,93600975,6438,2022-03-18
startupcityindia,4151,75598773,3931,2022-03-19
startupcityindia,4449,83040549,4202,2022-03-20
startupcityindia,5737,113407555,5343,2022-03-21
startupcityindia,6092,123027368,5742,2022-03-22
startupcityindia,4205,88484452,3935,2022-03-23
startupcityindia,5285,116843046,4939,2022-03-24
startupcityindia,6753,90420170,6419,2022-03-25
startupcityindia,4034,65044809,3829,2022-03-26
startupcityindia,4181,65233541,3947,2022-03-27
startupcityindia,4839,92252911,4565,2022-03-28
startupcityindia,4636,107070612,4302,2022-03-29
steelguru,53169,898127425,51427,2022-03-01
steelguru,61863,1199493807,60404,2022-03-02
steelguru,53379,894886335,52051,2022-03-03
steelguru,48861,814346269,47870,2022-03-04
steelguru,37684,517002816,37082,2022-03-05
steelguru,33012,434282137,32214,2022-03-06
steelguru,47196,752860451,45551,2022-03-07
steelguru,53734,770570835,52580,2022-03-08
steelguru,44419,736359023,42518,2022-03-09
steelguru,49176,891104019,47817,2022-03-10
steelguru,46790,798372061,45717,2022-03-11
steelguru,34094,489437264,33522,2022-03-12
steelguru,31658,389988921,30734,2022-03-13
steelguru,46308,674885440,44252,2022-03-14
steelguru,46534,716460950,45298,2022-03-15
steelguru,43330,697360769,42338,2022-03-16
steelguru,55338,982828306,54035,2022-03-17
steelguru,46012,731959227,44820,2022-03-18
steelguru,35067,471892329,34528,2022-03-19
steelguru,33401,378450059,32497,2022-03-20
steelguru,51176,711888432,49772,2022-03-21
steelguru,47286,685023145,45898,2022-03-22
steelguru,51083,809313576,49834,2022-03-23
steelguru,55926,934663847,54468,2022-03-24
steelguru,56559,912274787,55627,2022-03-25
steelguru,37883,510894179,37462,2022-03-26
steelguru,36739,532618027,35995,2022-03-27
steelguru,46737,723812294,45326,2022-03-28
steelguru,52787,804000704,51509,2022-03-29
tendernama,4115,115748657,3843,2022-03-01
tendernama,2276,65792132,2115,2022-03-02
tendernama,6021,174209989,5789,2022-03-03
tendernama,4691,138112520,4557,2022-03-04
tendernama,2050,49560762,1933,2022-03-05
tendernama,4154,127338902,4038,2022-03-06
tendernama,12635,389802312,12297,2022-03-07
tendernama,10815,357347747,10593,2022-03-08
tendernama,5472,166378417,5202,2022-03-09
tendernama,2228,60931145,1989,2022-03-10
tendernama,2256,62163801,2106,2022-03-11
tendernama,2921,77261227,2641,2022-03-12
tendernama,984,17272362,938,2022-03-13
tendernama,2976,75927542,2700,2022-03-14
tendernama,3634,95535603,3482,2022-03-15
tendernama,7887,245099780,7703,2022-03-16
tendernama,2554,62834975,2418,2022-03-17
tendernama,2105,49241820,2037,2022-03-18
tendernama,2171,48230798,1812,2022-03-19
tendernama,1135,21373815,1095,2022-03-20
tendernama,3187,85735125,3006,2022-03-21
tendernama,5085,149380934,4706,2022-03-22
tendernama,7873,226842220,7631,2022-03-23
tendernama,6546,205199452,6311,2022-03-24
tendernama,2271,53590999,2169,2022-03-25
tendernama,1605,35397594,1542,2022-03-26
tendernama,2989,76890102,2860,2022-03-27
tendernama,5250,142026550,5029,2022-03-28
tendernama,4264,125828570,4052,2022-03-29
theamj,212,3183139,158,2022-03-01
theamj,298,4137905,227,2022-03-02
theamj,643,6237010,546,2022-03-03
theamj,437,6903407,371,2022-03-04
theamj,370,7323680,316,2022-03-05
theamj,329,5821448,265,2022-03-06
theamj,339,3400163,295,2022-03-07
theamj,467,8403847,368,2022-03-08
theamj,304,4677231,225,2022-03-09
theamj,253,3408906,196,2022-03-10
theamj,314,5633729,258,2022-03-11
theamj,435,8965956,337,2022-03-12
theamj,583,4104870,537,2022-03-13
theamj,213,3504908,176,2022-03-14
theamj,278,4812531,231,2022-03-15
theamj,197,3255360,155,2022-03-16
theamj,281,4311340,210,2022-03-17
theamj,312,5347322,232,2022-03-18
theamj,307,3674703,294,2022-03-19
theamj,266,4143934,204,2022-03-20
theamj,295,6204808,221,2022-03-21
theamj,272,4145200,211,2022-03-22
theamj,388,7381498,325,2022-03-23
theamj,409,7523223,295,2022-03-24
theamj,249,3856605,214,2022-03-25
theamj,290,4239057,242,2022-03-26
theamj,255,3944571,209,2022-03-27
theamj,277,4950784,223,2022-03-28
theamj,422,6702887,385,2022-03-29
thebridgechronicle,62526,1100949831,61395,2022-03-01
thebridgechronicle,59763,1030820907,58941,2022-03-02
thebridgechronicle,63096,1133342097,62233,2022-03-03
thebridgechronicle,65551,1205244545,64672,2022-03-04
thebridgechronicle,63905,1091341235,63029,2022-03-05
thebridgechronicle,57623,956349148,56654,2022-03-06
thebridgechronicle,69918,1146332857,68502,2022-03-07
thebridgechronicle,66066,1100693979,65312,2022-03-08
thebridgechronicle,57867,1098257427,56565,2022-03-09
thebridgechronicle,55809,999142103,54933,2022-03-10
thebridgechronicle,58878,1026390463,58133,2022-03-11
thebridgechronicle,58464,1001810301,57797,2022-03-12
thebridgechronicle,61028,1024154295,60335,2022-03-13
thebridgechronicle,66573,1161988958,65844,2022-03-14
thebridgechronicle,66386,1199056701,65501,2022-03-15
thebridgechronicle,75150,1351969237,74317,2022-03-16
thebridgechronicle,66117,1211879641,65240,2022-03-17
thebridgechronicle,63854,1029920016,63100,2022-03-18
thebridgechronicle,59530,1010475322,58761,2022-03-19
thebridgechronicle,59066,992504408,58426,2022-03-20
thebridgechronicle,65124,1124403606,64406,2022-03-21
thebridgechronicle,68255,1238627286,67514,2022-03-22
thebridgechronicle,73930,1390575882,73164,2022-03-23
thebridgechronicle,75620,1340696617,74901,2022-03-24
thebridgechronicle,66010,1157609068,65308,2022-03-25
thebridgechronicle,63298,1100955007,62537,2022-03-26
thebridgechronicle,60151,1024038721,59449,2022-03-27
thebridgechronicle,61852,1088054260,61121,2022-03-28
thebridgechronicle,65631,1152669614,64931,2022-03-29
theceo,27586,612702712,26592,2022-03-01
theceo,26192,579917044,25239,2022-03-02
theceo,29384,582362143,28570,2022-03-03
theceo,30327,571328655,29795,2022-03-04
theceo,23115,477059193,22195,2022-03-05
theceo,30590,490096604,30088,2022-03-06
theceo,25781,564843830,24652,2022-03-07
theceo,24579,580992120,23878,2022-03-08
theceo,27727,666949586,26721,2022-03-09
theceo,24918,601161434,24412,2022-03-10
theceo,36067,944449055,35464,2022-03-11
theceo,23829,566045365,23523,2022-03-12
theceo,32760,519833339,32280,2022-03-13
theceo,26262,657423980,25831,2022-03-14
theceo,43038,1573037718,42456,2022-03-15
theceo,35438,1174120246,34628,2022-03-16
theceo,27360,623512179,26525,2022-03-17
theceo,21866,482938275,21216,2022-03-18
theceo,20364,428850145,19937,2022-03-19
theceo,31484,465485619,31102,2022-03-20
theceo,26905,585789779,26425,2022-03-21
theceo,30873,720541372,30024,2022-03-22
theceo,30004,670671568,29257,2022-03-23
theceo,27403,635536083,26345,2022-03-24
theceo,27186,621809466,26352,2022-03-25
theceo,21109,450759833,20727,2022-03-26
theceo,29827,456769900,29299,2022-03-27
theceo,23849,570661493,22804,2022-03-28
theceo,26904,639083661,26320,2022-03-29
thecue,225374,7827298156,222501,2022-03-01
thecue,183836,6329577849,181663,2022-03-02
thecue,161877,5214671076,160020,2022-03-03
thecue,109119,3245134456,107582,2022-03-04
thecue,112724,3630934441,110872,2022-03-05
thecue,143885,4396516371,141815,2022-03-06
thecue,159763,5653108628,157260,2022-03-07
thecue,118281,3884595337,117043,2022-03-08
thecue,121418,4328737863,119793,2022-03-09
thecue,175637,5503476978,173408,2022-03-10
thecue,179181,5306393778,176689,2022-03-11
thecue,156039,4855040663,154044,2022-03-12
thecue,120934,3495313608,119288,2022-03-13
thecue,162347,4832231281,159965,2022-03-14
thecue,140940,4122272153,138989,2022-03-15
thecue,180119,5547123172,177782,2022-03-16
thecue,104558,2987196854,102976,2022-03-17
thecue,66635,1832918237,65315,2022-03-18
thecue,60912,1645078656,59749,2022-03-19
thecue,46194,1122557278,45265,2022-03-20
thecue,63412,1784240399,62333,2022-03-21
thecue,50995,1302843352,50104,2022-03-22
thecue,145996,3883337355,144412,2022-03-23
thecue,116359,2974283361,115170,2022-03-24
thecue,84597,2524868562,83193,2022-03-25
thecue,84370,2417407168,82878,2022-03-26
thecue,57008,1446104041,55809,2022-03-27
thecue,78523,2170218297,77139,2022-03-28
thecue,62809,1648324841,61399,2022-03-29
thelawyer,879,14384457,775,2022-03-01
thelawyer,881,13608166,838,2022-03-02
thelawyer,742,13329081,696,2022-03-03
thelawyer,504,3916170,492,2022-03-04
thelawyer,652,7463320,600,2022-03-05
thelawyer,680,6997065,640,2022-03-06
thelawyer,763,10134814,688,2022-03-07
thelawyer,649,11367780,603,2022-03-08
thelawyer,759,11892829,697,2022-03-09
thelawyer,832,13399597,766,2022-03-10
thelawyer,924,15244177,868,2022-03-11
thelawyer,550,6966306,507,2022-03-12
thelawyer,190,2373741,158,2022-03-13
thelawyer,7,367702,7,2022-03-14
thelawyer,21,2462252,2,2022-03-15
thelawyer,2,218148,0,2022-03-16
thelawyer,18,368731,18,2022-03-17
thelawyer,6,430711,3,2022-03-18
thelawyer,13,813980,11,2022-03-20
thelawyer,1,315258,1,2022-03-21
thelawyer,1,155636,0,2022-03-22
thelawyer,15,967711,1,2022-03-24
thelawyer,1,155660,0,2022-03-25
thelawyer,7,325190,3,2022-03-27
thelawyer,1,155636,0,2022-03-28
thelawyer,1,177292,0,2022-03-29
thelede,4,25910,0,2022-03-01
thelede,10,175939,3,2022-03-02
thelede,7,142765,0,2022-03-03
thelede,6,51120,6,2022-03-04
thelede,6,43159,0,2022-03-06
thelede,5,24486,2,2022-03-09
thelede,6,116364,1,2022-03-10
thelede,1,4470,1,2022-03-14
thelede,1,2077,0,2022-03-15
thelede,5,24474,0,2022-03-20
thelede,3,10481,3,2022-03-22
thelede,4,24858,0,2022-03-23
thelede,8,49728,4,2022-03-24
thelede,5,24653,2,2022-03-25
thelede,2,9309,1,2022-03-26
thelede,8,152183,4,2022-03-27
thelede,5,24511,5,2022-03-29
thenewsagency,14873,327256141,14517,2022-03-01
thenewsagency,18377,407655813,17856,2022-03-02
thenewsagency,12534,251560993,12171,2022-03-03
thenewsagency,25842,704295284,25491,2022-03-04
thenewsagency,16934,379527724,16510,2022-03-05
thenewsagency,13068,304526540,12811,2022-03-06
thenewsagency,14383,337359580,13627,2022-03-07
thenewsagency,14370,292990708,13892,2022-03-08
thenewsagency,12608,195726691,12174,2022-03-09
thenewsagency,7560,140225678,7198,2022-03-10
thenewsagency,13252,280064904,12701,2022-03-11
thenewsagency,12930,239716521,12671,2022-03-12
thenewsagency,8691,150513116,8317,2022-03-13
thenewsagency,9928,178384973,9659,2022-03-14
thenewsagency,11520,255336287,11034,2022-03-15
thenewsagency,14973,337620932,14649,2022-03-16
thenewsagency,13868,378843431,13474,2022-03-17
thenewsagency,14189,354551583,13723,2022-03-18
thenewsagency,13364,291470398,12992,2022-03-19
thenewsagency,9275,180290974,9023,2022-03-20
thenewsagency,10245,200979119,9918,2022-03-21
thenewsagency,15337,338531599,14927,2022-03-22
thenewsagency,12147,251935984,11812,2022-03-23
thenewsagency,19807,470527130,19310,2022-03-24
thenewsagency,20283,462510643,19684,2022-03-25
thenewsagency,21906,562034429,21458,2022-03-26
thenewsagency,11247,227710765,10933,2022-03-27
thenewsagency,14042,314893701,13547,2022-03-28
thenewsagency,15483,391608014,14990,2022-03-29
transportandlogisticsme,11682,202719554,11025,2022-03-01
transportandlogisticsme,11520,189961997,10913,2022-03-02
transportandlogisticsme,11164,200117662,10356,2022-03-03
transportandlogisticsme,11179,167442856,10805,2022-03-04
transportandlogisticsme,9718,138535447,9328,2022-03-05
transportandlogisticsme,8518,92645890,8158,2022-03-06
transportandlogisticsme,12041,213807108,11008,2022-03-07
transportandlogisticsme,12079,211059815,11565,2022-03-08
transportandlogisticsme,11684,225532816,10790,2022-03-09
transportandlogisticsme,11194,179156712,10637,2022-03-10
transportandlogisticsme,9054,149338094,8650,2022-03-11
transportandlogisticsme,8611,126184491,8153,2022-03-12
transportandlogisticsme,7777,120962966,7334,2022-03-13
transportandlogisticsme,11039,204511298,10157,2022-03-14
transportandlogisticsme,14370,174466037,13708,2022-03-15
transportandlogisticsme,10952,173806584,10402,2022-03-16
transportandlogisticsme,11273,207487833,10429,2022-03-17
transportandlogisticsme,9715,143835197,9262,2022-03-18
transportandlogisticsme,8490,120836363,8255,2022-03-19
transportandlogisticsme,11066,143989096,10523,2022-03-20
transportandlogisticsme,12365,224949587,11820,2022-03-21
transportandlogisticsme,11890,216156766,11427,2022-03-22
transportandlogisticsme,10181,174207367,9805,2022-03-23
transportandlogisticsme,10512,177300580,10009,2022-03-24
transportandlogisticsme,10543,165468620,10010,2022-03-25
transportandlogisticsme,8325,125719638,8078,2022-03-26
transportandlogisticsme,10735,158249453,10326,2022-03-27
transportandlogisticsme,12824,178791665,12205,2022-03-28
transportandlogisticsme,10776,183273596,10203,2022-03-29
tv5kannada,1577,228790562,1546,2022-03-01
tv5kannada,786,115102743,770,2022-03-02
tv5kannada,1267,183447489,1230,2022-03-03
tv5kannada,1487,216001589,1461,2022-03-04
tv5kannada,893,129413180,871,2022-03-05
tv5kannada,398,57119578,380,2022-03-06
tv5kannada,508,73481928,490,2022-03-07
tv5kannada,365,53384866,356,2022-03-08
tv5kannada,306,44217453,292,2022-03-09
tv5kannada,413,59454560,385,2022-03-10
tv5kannada,270,38872425,261,2022-03-11
tv5kannada,310,44534264,296,2022-03-12
tv5kannada,435,61993886,417,2022-03-13
tv5kannada,330,48865476,321,2022-03-14
tv5kannada,281,40452331,266,2022-03-15
tv5kannada,327,47436991,317,2022-03-16
tv5kannada,244,35562480,232,2022-03-17
tv5kannada,277,39287566,255,2022-03-18
tv5kannada,287,41118552,273,2022-03-19
tv5kannada,288,41580702,275,2022-03-20
tv5kannada,1430,207583298,1403,2022-03-21
tv5kannada,2643,383650594,2594,2022-03-22
tv5kannada,1522,220729403,1495,2022-03-23
tv5kannada,1287,187554933,1257,2022-03-24
tv5kannada,779,114487325,758,2022-03-25
tv5kannada,707,102604635,687,2022-03-26
tv5kannada,474,68836911,457,2022-03-27
tv5kannada,542,78678281,522,2022-03-28
tv5kannada,1467,212041971,1429,2022-03-29
udaybulletin,37,4448366,8,2022-03-01
udaybulletin,82,8361792,12,2022-03-02
udaybulletin,40,3025105,7,2022-03-03
udaybulletin,26,3830201,7,2022-03-04
udaybulletin,30,3911279,6,2022-03-05
udaybulletin,24,1898633,6,2022-03-06
udaybulletin,2157,376025898,6,2022-03-07
udaybulletin,32,2376483,8,2022-03-08
udaybulletin,24,10470485,2,2022-03-09
udaybulletin,26,6867260,10,2022-03-10
udaybulletin,50,14068461,6,2022-03-11
udaybulletin,37,7265760,6,2022-03-12
udaybulletin,41,6989799,5,2022-03-13
udaybulletin,34,6254356,8,2022-03-14
udaybulletin,22,2485252,5,2022-03-15
udaybulletin,24,5882099,4,2022-03-16
udaybulletin,35,8158003,5,2022-03-17
udaybulletin,17,2451526,1,2022-03-18
udaybulletin,22,4653360,5,2022-03-19
udaybulletin,22,11392310,0,2022-03-20
udaybulletin,34,9290370,7,2022-03-21
udaybulletin,37,5842191,5,2022-03-22
udaybulletin,19,5906525,2,2022-03-23
udaybulletin,24,7181042,4,2022-03-24
udaybulletin,43,8622563,0,2022-03-25
udaybulletin,24,10248002,5,2022-03-26
udaybulletin,54,3226501,32,2022-03-27
udaybulletin,72,5642711,14,2022-03-28
udaybulletin,54,7679647,24,2022-03-29
upfrontstories,3,209709,0,2022-03-01
upfrontstories,1,96894,0,2022-03-02
upfrontstories,4,46361,0,2022-03-06
upfrontstories,33,3215708,0,2022-03-10
upfrontstories,2,156181,0,2022-03-13
upfrontstories,1,102653,0,2022-03-15
upfrontstories,5,136163,0,2022-03-16
upfrontstories,3,108203,0,2022-03-17
upfrontstories,2,143056,0,2022-03-18
upfrontstories,1,102653,0,2022-03-20
upfrontstories,4,46361,0,2022-03-21
upfrontstories,3,226198,0,2022-03-23
upfrontstories,1,71528,0,2022-03-26
upfrontstories,5,67253,0,2022-03-27
upfrontstories,17,710324,15,2022-03-28
uptak,999173,37790506418,996275,2022-03-01
uptak,1065666,39868608573,1064132,2022-03-02
uptak,699256,26386902268,697227,2022-03-03
uptak,768169,28787250054,766415,2022-03-04
uptak,849411,30948921105,847864,2022-03-05
uptak,820697,29741695750,817583,2022-03-06
uptak,887097,35878344120,884913,2022-03-07
uptak,1500187,61659853803,1498619,2022-03-08
uptak,829025,34968077562,827039,2022-03-09
uptak,2411753,86333662631,2408968,2022-03-10
uptak,2261679,79572057258,2259489,2022-03-11
uptak,1383651,50767863166,1381720,2022-03-12
uptak,1089271,40689730969,1087748,2022-03-13
uptak,621654,25078444791,619818,2022-03-14
uptak,743893,29147143498,742668,2022-03-15
uptak,564598,22166021155,563519,2022-03-16
uptak,599707,23503564303,598702,2022-03-17
uptak,442884,17388226600,441694,2022-03-18
uptak,704791,28102129560,702802,2022-03-19
uptak,460191,18350028915,458919,2022-03-20
uptak,551059,21904421878,549884,2022-03-21
uptak,500562,19200968784,499344,2022-03-22
uptak,395297,16149647436,394096,2022-03-23
uptak,521794,20748315451,521096,2022-03-24
uptak,446544,18225326074,445202,2022-03-25
uptak,586825,23021157820,585390,2022-03-26
uptak,342544,13140653476,341281,2022-03-27
uptak,563068,22261754227,561515,2022-03-28
uptak,444303,17708090058,443023,2022-03-29
whiteswanfoundation,48822,1431040317,47105,2022-03-01
whiteswanfoundation,49098,1524714508,47952,2022-03-02
whiteswanfoundation,53649,1614513714,52240,2022-03-03
whiteswanfoundation,47991,1399768055,46854,2022-03-04
whiteswanfoundation,46851,1377882177,45683,2022-03-05
whiteswanfoundation,53657,1569617292,52207,2022-03-06
whiteswanfoundation,52618,1617339759,50598,2022-03-07
whiteswanfoundation,52732,1624319334,51568,2022-03-08
whiteswanfoundation,56444,1732035157,54472,2022-03-09
whiteswanfoundation,53865,1643985903,52412,2022-03-10
whiteswanfoundation,48541,1380127605,47422,2022-03-11
whiteswanfoundation,47708,1457250110,46646,2022-03-12
whiteswanfoundation,50550,1446973432,49415,2022-03-13
whiteswanfoundation,52715,1632720333,51556,2022-03-14
whiteswanfoundation,49347,1479104553,48247,2022-03-15
whiteswanfoundation,51725,1544684564,50507,2022-03-16
whiteswanfoundation,46669,1363796050,45436,2022-03-17
whiteswanfoundation,45514,1411159208,44434,2022-03-18
whiteswanfoundation,40947,1134812696,39893,2022-03-19
whiteswanfoundation,45254,1317791616,44139,2022-03-20
whiteswanfoundation,50258,1522987960,49198,2022-03-21
whiteswanfoundation,48347,1456124641,47237,2022-03-22
whiteswanfoundation,49093,1514124579,47939,2022-03-23
whiteswanfoundation,49710,1514844838,48286,2022-03-24
whiteswanfoundation,39935,1275610117,38559,2022-03-25
whiteswanfoundation,46288,1296452338,45219,2022-03-26
whiteswanfoundation,41295,1190116591,40159,2022-03-27
whiteswanfoundation,49215,1492759323,48023,2022-03-28
whiteswanfoundation,49481,1469185531,48373,2022-03-29
whiteswanfoundation-bengali,804,17316409,688,2022-03-01
whiteswanfoundation-bengali,822,14809820,736,2022-03-02
whiteswanfoundation-bengali,1138,25877647,1057,2022-03-03
whiteswanfoundation-bengali,1443,16740820,1354,2022-03-04
whiteswanfoundation-bengali,819,11280127,773,2022-03-05
whiteswanfoundation-bengali,2988,81352676,2872,2022-03-06
whiteswanfoundation-bengali,836,14598961,775,2022-03-07
whiteswanfoundation-bengali,889,18569160,830,2022-03-08
whiteswanfoundation-bengali,1326,23230743,1186,2022-03-09
whiteswanfoundation-bengali,656,11641765,584,2022-03-10
whiteswanfoundation-bengali,1015,27947353,926,2022-03-11
whiteswanfoundation-bengali,958,16881529,872,2022-03-12
whiteswanfoundation-bengali,910,20891558,818,2022-03-13
whiteswanfoundation-bengali,847,8425686,813,2022-03-14
whiteswanfoundation-bengali,718,15611227,627,2022-03-15
whiteswanfoundation-bengali,760,14048133,723,2022-03-16
whiteswanfoundation-bengali,1035,25397367,971,2022-03-17
whiteswanfoundation-bengali,716,10739704,667,2022-03-18
whiteswanfoundation-bengali,866,14633953,748,2022-03-19
whiteswanfoundation-bengali,627,13602773,551,2022-03-20
whiteswanfoundation-bengali,729,13727042,685,2022-03-21
whiteswanfoundation-bengali,755,17223240,667,2022-03-22
whiteswanfoundation-bengali,787,17266588,765,2022-03-23
whiteswanfoundation-bengali,685,10382254,609,2022-03-24
whiteswanfoundation-bengali,1799,52777253,1687,2022-03-25
whiteswanfoundation-bengali,870,13594440,793,2022-03-26
whiteswanfoundation-bengali,930,13371683,891,2022-03-27
whiteswanfoundation-bengali,700,14186970,604,2022-03-28
whiteswanfoundation-bengali,678,12662997,619,2022-03-29
whiteswanfoundation-hindi,639,11176425,506,2022-03-01
whiteswanfoundation-hindi,771,9081082,681,2022-03-02
whiteswanfoundation-hindi,952,14036795,863,2022-03-03
whiteswanfoundation-hindi,1273,10175241,1244,2022-03-04
whiteswanfoundation-hindi,765,11760557,673,2022-03-05
whiteswanfoundation-hindi,643,10215635,549,2022-03-06
whiteswanfoundation-hindi,753,13278122,622,2022-03-07
whiteswanfoundation-hindi,714,11003167,659,2022-03-08
whiteswanfoundation-hindi,804,12006115,726,2022-03-09
whiteswanfoundation-hindi,769,11856451,674,2022-03-10
whiteswanfoundation-hindi,958,13782753,868,2022-03-11
whiteswanfoundation-hindi,697,10383145,609,2022-03-12
whiteswanfoundation-hindi,551,9503817,479,2022-03-13
whiteswanfoundation-hindi,503,7493453,445,2022-03-14
whiteswanfoundation-hindi,666,12859149,576,2022-03-15
whiteswanfoundation-hindi,545,9739549,461,2022-03-16
whiteswanfoundation-hindi,694,9958391,612,2022-03-17
whiteswanfoundation-hindi,718,4993061,663,2022-03-18
whiteswanfoundation-hindi,479,5995082,419,2022-03-19
whiteswanfoundation-hindi,520,10479486,450,2022-03-20
whiteswanfoundation-hindi,532,9280441,460,2022-03-21
whiteswanfoundation-hindi,585,12509884,501,2022-03-22
whiteswanfoundation-hindi,530,11598665,464,2022-03-23
whiteswanfoundation-hindi,798,16934818,671,2022-03-24
whiteswanfoundation-hindi,403,5564927,338,2022-03-25
whiteswanfoundation-hindi,671,12363985,584,2022-03-26
whiteswanfoundation-hindi,884,7177236,857,2022-03-27
whiteswanfoundation-hindi,547,8584894,461,2022-03-28
whiteswanfoundation-hindi,855,14799111,765,2022-03-29
whiteswanfoundation-kannada,378,3950418,325,2022-03-01
whiteswanfoundation-kannada,669,11231334,546,2022-03-02
whiteswanfoundation-kannada,729,7957922,663,2022-03-03
whiteswanfoundation-kannada,849,8277891,752,2022-03-04
whiteswanfoundation-kannada,438,3319104,415,2022-03-05
whiteswanfoundation-kannada,1023,10133009,929,2022-03-06
whiteswanfoundation-kannada,602,7263297,542,2022-03-07
whiteswanfoundation-kannada,450,6457974,366,2022-03-08
whiteswanfoundation-kannada,824,6114559,757,2022-03-09
whiteswanfoundation-kannada,494,7727739,443,2022-03-10
whiteswanfoundation-kannada,588,8949981,490,2022-03-11
whiteswanfoundation-kannada,433,4672071,382,2022-03-12
whiteswanfoundation-kannada,408,5663406,326,2022-03-13
whiteswanfoundation-kannada,573,5924576,522,2022-03-14
whiteswanfoundation-kannada,402,5567550,345,2022-03-15
whiteswanfoundation-kannada,313,2771544,293,2022-03-16
whiteswanfoundation-kannada,509,7736360,421,2022-03-17
whiteswanfoundation-kannada,699,9152144,610,2022-03-18
whiteswanfoundation-kannada,643,7583567,563,2022-03-19
whiteswanfoundation-kannada,344,5084199,284,2022-03-20
whiteswanfoundation-kannada,382,5748874,307,2022-03-21
whiteswanfoundation-kannada,400,7944719,324,2022-03-22
whiteswanfoundation-kannada,362,6262002,329,2022-03-23
whiteswanfoundation-kannada,483,9219148,412,2022-03-24
whiteswanfoundation-kannada,378,4079736,327,2022-03-25
whiteswanfoundation-kannada,766,9779940,701,2022-03-26
whiteswanfoundation-kannada,705,16239439,607,2022-03-27
whiteswanfoundation-kannada,345,4173028,300,2022-03-28
whiteswanfoundation-kannada,568,15243578,488,2022-03-29
whiteswanfoundation-malayalam,257,2743143,207,2022-03-01
whiteswanfoundation-malayalam,302,3424795,243,2022-03-02
whiteswanfoundation-malayalam,383,3909069,352,2022-03-03
whiteswanfoundation-malayalam,373,2482701,349,2022-03-04
whiteswanfoundation-malayalam,281,3692543,261,2022-03-05
whiteswanfoundation-malayalam,277,3598643,230,2022-03-06
whiteswanfoundation-malayalam,314,4019411,262,2022-03-07
whiteswanfoundation-malayalam,255,4540342,241,2022-03-08
whiteswanfoundation-malayalam,631,7085730,584,2022-03-09
whiteswanfoundation-malayalam,181,2792841,145,2022-03-10
whiteswanfoundation-malayalam,343,4605853,304,2022-03-11
whiteswanfoundation-malayalam,248,4651798,203,2022-03-12
whiteswanfoundation-malayalam,166,2599473,139,2022-03-13
whiteswanfoundation-malayalam,255,1092122,236,2022-03-14
whiteswanfoundation-malayalam,197,3255589,165,2022-03-15
whiteswanfoundation-malayalam,289,4535116,218,2022-03-16
whiteswanfoundation-malayalam,289,2946818,275,2022-03-17
whiteswanfoundation-malayalam,343,3650773,318,2022-03-18
whiteswanfoundation-malayalam,375,2023736,364,2022-03-19
whiteswanfoundation-malayalam,204,2607822,184,2022-03-20
whiteswanfoundation-malayalam,240,3950365,176,2022-03-21
whiteswanfoundation-malayalam,286,5590055,215,2022-03-22
whiteswanfoundation-malayalam,189,3065846,159,2022-03-23
whiteswanfoundation-malayalam,267,3490984,229,2022-03-24
whiteswanfoundation-malayalam,280,5779420,250,2022-03-25
whiteswanfoundation-malayalam,948,3369373,927,2022-03-26
whiteswanfoundation-malayalam,282,3683389,226,2022-03-27
whiteswanfoundation-malayalam,123,1296202,109,2022-03-28
whiteswanfoundation-malayalam,213,3086176,179,2022-03-29
whiteswanfoundation-tamil,564,7164750,461,2022-03-01
whiteswanfoundation-tamil,497,4570496,436,2022-03-02
whiteswanfoundation-tamil,855,12293045,744,2022-03-03
whiteswanfoundation-tamil,1177,9582455,1110,2022-03-04
whiteswanfoundation-tamil,600,6631197,551,2022-03-05
whiteswanfoundation-tamil,525,6170091,471,2022-03-06
whiteswanfoundation-tamil,1800,45325116,1592,2022-03-07
whiteswanfoundation-tamil,586,8907004,508,2022-03-08
whiteswanfoundation-tamil,793,10007522,699,2022-03-09
whiteswanfoundation-tamil,467,6481600,416,2022-03-10
whiteswanfoundation-tamil,849,9013119,748,2022-03-11
whiteswanfoundation-tamil,564,7673097,520,2022-03-12
whiteswanfoundation-tamil,511,5844110,448,2022-03-13
whiteswanfoundation-tamil,510,6556707,455,2022-03-14
whiteswanfoundation-tamil,440,4637745,381,2022-03-15
whiteswanfoundation-tamil,504,5678800,464,2022-03-16
whiteswanfoundation-tamil,741,9680885,646,2022-03-17
whiteswanfoundation-tamil,872,8508917,799,2022-03-18
whiteswanfoundation-tamil,995,8744414,896,2022-03-19
whiteswanfoundation-tamil,559,6819474,490,2022-03-20
whiteswanfoundation-tamil,551,8165800,446,2022-03-21
whiteswanfoundation-tamil,465,6752057,402,2022-03-22
whiteswanfoundation-tamil,576,11509478,519,2022-03-23
whiteswanfoundation-tamil,718,11177424,633,2022-03-24
whiteswanfoundation-tamil,538,8003507,465,2022-03-25
whiteswanfoundation-tamil,652,10998445,531,2022-03-26
whiteswanfoundation-tamil,535,7453177,476,2022-03-27
whiteswanfoundation-tamil,619,10545588,543,2022-03-28
whiteswanfoundation-tamil,489,6819126,415,2022-03-29
wuzupnigeria,25973,482244373,24539,2022-03-01
wuzupnigeria,26701,484875334,25079,2022-03-02
wuzupnigeria,25230,441325589,23402,2022-03-03
wuzupnigeria,35507,469596548,34640,2022-03-04
wuzupnigeria,25297,447843170,24369,2022-03-05
wuzupnigeria,24607,414033571,23689,2022-03-06
wuzupnigeria,26564,499395131,25189,2022-03-07
wuzupnigeria,18491,291748806,16636,2022-03-08
wuzupnigeria,18016,328690084,16335,2022-03-09
wuzupnigeria,18799,283141491,17194,2022-03-10
wuzupnigeria,28613,249257706,27422,2022-03-11
wuzupnigeria,16941,221550461,16274,2022-03-12
wuzupnigeria,16745,205037629,16052,2022-03-13
wuzupnigeria,18954,269010501,17552,2022-03-14
wuzupnigeria,20464,314234623,18219,2022-03-15
wuzupnigeria,20578,353998514,18382,2022-03-16
wuzupnigeria,21720,306728387,20307,2022-03-17
wuzupnigeria,31330,338162163,30051,2022-03-18
wuzupnigeria,19136,281652950,17908,2022-03-19
wuzupnigeria,20979,288780680,19743,2022-03-20
wuzupnigeria,26477,441234295,24913,2022-03-21
wuzupnigeria,26279,471827623,24780,2022-03-22
wuzupnigeria,26925,500169320,24745,2022-03-23
wuzupnigeria,28952,453324946,27217,2022-03-24
wuzupnigeria,37458,454458384,36387,2022-03-25
wuzupnigeria,30626,455575057,29345,2022-03-26
wuzupnigeria,26307,429370679,25346,2022-03-27
wuzupnigeria,27424,493003471,26117,2022-03-28
wuzupnigeria,29502,549373524,28187,2022-03-29
xchange,2522,792745606,2329,2022-03-01
xchange,2891,927010803,2639,2022-03-02
xchange,2599,936283487,2334,2022-03-03
xchange,2859,834279682,2660,2022-03-04
xchange,3378,547286639,3262,2022-03-05
xchange,2275,649103281,2108,2022-03-06
xchange,2410,789233976,2204,2022-03-07
xchange,2774,1777181965,2392,2022-03-08
xchange,2785,1746861876,2425,2022-03-09
xchange,3432,1399947851,3158,2022-03-10
xchange,2623,1111454880,2390,2022-03-11
xchange,2097,811710205,1932,2022-03-12
xchange,2344,726986347,2187,2022-03-13
xchange,2767,1513900358,2419,2022-03-14
xchange,3755,1378200552,3464,2022-03-15
xchange,3730,1579387602,3367,2022-03-16
xchange,3025,1224573119,2780,2022-03-17
xchange,2927,1052885620,2723,2022-03-18
xchange,2286,1104244122,2088,2022-03-19
xchange,3671,1086429255,3421,2022-03-20
xchange,2835,1237433118,2513,2022-03-21
xchange,2516,1265874692,2252,2022-03-22
xchange,2921,1362540211,2562,2022-03-23
xchange,2720,1278210720,2449,2022-03-24
xchange,2436,1110285913,2213,2022-03-25
xchange,2239,897216530,2016,2022-03-26
xchange,2336,1240024926,2098,2022-03-27
xchange,3139,1337818447,2858,2022-03-28
xchange,2415,1505173022,2155,2022-03-29
yoyocial,27775,257057017,27292,2022-03-01
yoyocial,19268,150643594,18910,2022-03-02
yoyocial,14834,115734289,14481,2022-03-03
yoyocial,15051,105687382,14723,2022-03-04
yoyocial,17259,121921641,16936,2022-03-05
yoyocial,16632,105686205,16259,2022-03-06
yoyocial,24158,151048122,23644,2022-03-07
yoyocial,25551,131317761,25232,2022-03-08
yoyocial,23872,149655171,23371,2022-03-09
yoyocial,23574,209119269,23230,2022-03-10
yoyocial,22480,146410447,22068,2022-03-11
yoyocial,15982,126973617,15708,2022-03-12
yoyocial,17410,110955490,17118,2022-03-13
yoyocial,17072,120101766,16748,2022-03-14
yoyocial,19541,172011303,19193,2022-03-15
yoyocial,14246,109293107,13975,2022-03-16
yoyocial,16038,168862122,15602,2022-03-17
yoyocial,16351,96476811,16077,2022-03-18
yoyocial,18603,171984979,18238,2022-03-19
yoyocial,22100,170103369,21861,2022-03-20
yoyocial,21924,195533058,21605,2022-03-21
yoyocial,17540,136634948,17314,2022-03-22
yoyocial,16961,184651711,16693,2022-03-23
yoyocial,16206,122389560,15972,2022-03-24
yoyocial,16193,162679604,15810,2022-03-25
yoyocial,15639,129999777,15204,2022-03-26
yoyocial,17210,192272141,16895,2022-03-27
yoyocial,16954,132983973,16663,2022-03-28
yoyocial,15598,141027703,15324,2022-03-29
